newassoc.c_personid	biog_main.c_name_chn	assoc_codes.c_assoc_desc_chn	newassoc.perid	newassoc.c_name_chn	newassoc.c_assoc_year	newassoc.c_notes	newassoc.c_text_title
3	安焘	友	333	章惇	0		[n/a]
141	乔维岳	友	22273	韦襄			[n/a]
209	张巨	友	461	蒋之奇	1102		[n/a]
209	张巨	友	833	胡宗愈	1102		[n/a]
209	张巨	友	3849	丁隲	1102		[n/a]
211	张浚	友	19206	冯汝舟	1164		[n/a]
237	张徽	友	559	范纯仁	1066		[n/a]
237	张徽	友	1488	司马光	1066		[n/a]
268	张佖	友	1226	刘式	994		[n/a]
272	张商英	友	41409	吴与		故人张天觉当国，或讽之使见。与曰：「平生与天觉语皆忠义，反呈身于进乎？」卒不往。	故人张天觉当国，或讽之使见。与曰：「平生与天觉语皆忠义，反呈身于进乎？」卒不往。
332	张咏	友	898	寇准		恩威并用 蜀民畏而爱之 咏与寇准最善 每面折准过 虽贵不改	恩威并用 蜀民畏而爱之 咏与寇准最善 每面折准过 虽贵不改
333	章惇	友	3	安焘	0		[n/a]
333	章惇	友	47707	陈大卞		治平四年进士 为威武军佥判、知江宁县 与章惇有旧 惇当国 屡招不往	治平四年进士 为威武军佥判、知江宁县 与章惇有旧 惇当国 屡招不往
375	赵抃	友	13213	毛维瞻	0	与赵抃同邑相得，为山林之乐。	与赵抃同邑相得，为山林之乐。
375	赵抃	友	17517	俞汝尚	1079		[n/a]
375	赵抃	友	22106	闻人安道		通判歙州 官至职方郎中知南康军 与赵抃、司马光、苏轼交善	通判歙州 官至职方郎中知南康军 与赵抃、司马光、苏轼交善
375	赵抃	友	42607	周圻			[n/a]
375	赵抃	友	43107	周颖			[n/a]
395	赵鼎臣	友	1762	王安石		官至太府卿 有竹隐畸士集 鼎臣与苏轼、王安石诸人交好 相与酬和 故所作具有门径	官至太府卿 有竹隐畸士集 鼎臣与苏轼、王安石诸人交好 相与酬和 故所作具有门径
405	折彦质	友	38296	王公辅	0		[n/a]
455	姜仲谦	友	8004	陈与义		诜父 仕终广东运副 建炎间与任才仲、陈与义会饮岳阳楼上 赋诗以记 仲谦有文名	诜父 仕终广东运副 建炎间与任才仲、陈与义会饮岳阳楼上 赋诗以记 仲谦有文名
461	蒋之奇	友	209	张巨	1103		[n/a]
461	蒋之奇	友	833	胡宗愈	1103		[n/a]
461	蒋之奇	友	3849	丁隲	1103		[n/a]
465	蒋堂	友	53537	释惟政		师惟素禅师 住杭州功臣山淨土院 蒋堂守钱塘 与为方外友 称致甚高	师惟素禅师 住杭州功臣山淨土院 蒋堂守钱塘 与为方外友 称致甚高
470	金君卿	友	15439	程御	1075		[n/a]
504	周敦颐	友	902	孔延之	1073		[n/a]
504	周敦颐	友	42605	周文敏			[n/a]
548	锺正甫	友	3676	米芾	1111		[n/a]
559	范纯仁	友	237	张徽	1095		[n/a]
559	范纯仁	友	3723	施大任			[n/a]
628	富弼	友	44012	段希元			[n/a]
634	韩缜	友	15598	俞康直	1080		[n/a]
636	韩绦	友	11623	汪宗颜	1076		[n/a]
648	韩璜	友	714	向子忞	1160		[n/a]
648	韩璜	友	3402	胡寅	1160		[n/a]
648	韩璜	友	3402	胡寅		后知谏院 以忤秦桧罢归 与胡寅、向子忞友善 时相过从 称三友	后知谏院 以忤秦桧罢归 与胡寅、向子忞友善 时相过从 称三友
669	韩元吉	友	25635	赵彦端	1177		[n/a]
670	韩元龙	友	4002	魏叔介	1172		[n/a]
714	向子忞	友	648	韩璜	1165		[n/a]
714	向子忞	友	17574	刘禹锡	1165		[n/a]
728	谢景温	友	1762	王安石	1079		[n/a]
728	谢景温	友	1762	王安石		绦次子 中皇祐元年进士第 与王安石善 自京西淮南转运使骤擢侍御史 诬劾苏轼	绦次子 中皇祐元年进士第 与王安石善 自京西淮南转运使骤擢侍御史 诬劾苏轼
742	徐常	友	7005	陈襄	1109		[n/a]
746	徐确	友	1649	蔡京		元丰五年试礼部第四策丙科 授江阴尉 蔡京入相 与确有旧 欲授以美官	元丰五年试礼部第四策丙科 授江阴尉 蔡京入相 与确有旧 欲授以美官
798	续觱	友	21806	祖护	1165		[n/a]
808	薛田	友	21214	魏野		河中河东人 少师种放 与魏野友善 以进士起家 累迁右谏议大夫	河中河东人 少师种放 与魏野友善 以进士起家 累迁右谏议大夫
826	胡松年	友	7343	孙觌		猫相乳记(鸿庆居士文集21/9下)	猫相乳记(鸿庆居士文集21/9下)
833	胡宗愈	友	209	张巨	1102		[n/a]
833	胡宗愈	友	461	蒋之奇	1102		[n/a]
833	胡宗愈	友	3849	丁隲	1102		[n/a]
875	任中正	友	1641	丁谓		蜀人便之 仁宗时拜兵部尚书 中正素与丁谓善 谓贬 中正营救	蜀人便之 仁宗时拜兵部尚书 中正素与丁谓善 谓贬 中正营救
897	寇瑊	友	1641	丁谓		通音律 知术数 与丁谓厚善 人以此短之	通音律 知术数 与丁谓厚善 人以此短之
898	寇准	友	332	张咏		恩威并用 蜀民畏而爱之 咏与寇准最善 每面折准过 虽贵不改	恩威并用 蜀民畏而爱之 咏与寇准最善 每面折准过 虽贵不改
898	寇准	友	1950	温仲舒	1021		[n/a]
901	孔平仲	友	40304	李中			[n/a]
902	孔延之	友	504	周敦颐	1072		[n/a]
902	孔延之	友	7364	曾巩	1072		[n/a]
902	孔延之	友	44551	柳师圣(字)			[n/a]
962	来之邵	友	2032	杨畏	1112		[n/a]
971	李常	友	1762	王安石			[n/a]
984	李崇矩	友	8023	赵普	983		[n/a]
984	李崇矩	友	8023	赵普		仕汉及周 太祖时拜枢密使 与赵普相厚善 太平兴国初 出为琼、崖、儋、万四州都巡检使	仕汉及周 太祖时拜枢密使 与赵普相厚善 太平兴国初 出为琼、崖、儋、万四州都巡检使
996	李植	友	1314	吕公著		历湖北转运判官 元祐间入为尚书度支郎 与司马光、吕公著诸人善 蔡卞用事 斥为党人	历湖北转运判官 元祐间入为尚书度支郎 与司马光、吕公著诸人善 蔡卞用事 斥为党人
996	李植	友	1488	司马光		历湖北转运判官 元祐间入为尚书度支郎 与司马光、吕公著诸人善 蔡卞用事 斥为党人	历湖北转运判官 元祐间入为尚书度支郎 与司马光、吕公著诸人善 蔡卞用事 斥为党人
1034	李巽	友	3997	王禹偁	1013		[n/a]
1037	李紘	友	8043	范仲淹		紘长于吏治 笃于交游 范仲淹被谪 朝士畏宰相无敢过者 紘独出郊饯饮之	紘长于吏治 笃于交游 范仲淹被谪 朝士畏宰相无敢过者 紘独出郊饯饮之
1090	李涛	友	1156	林之奇			[n/a]
1156	林之奇	友	1090	李涛			[n/a]
1156	林之奇	友	51418	樊世显		怀安桐谿人 师事吕本中 友林之奇 尝构堂象孔老瞿昙氏而祝之	怀安桐谿人 师事吕本中 友林之奇 尝构堂象孔老瞿昙氏而祝之
1226	刘式	友	268	张佖	997		[n/a]
1226	刘式	友	3083	陈省华	997		[n/a]
1226	刘式	友	7097	杨亿	997		[n/a]
1226	刘式	友	12236	徐铉	997		[n/a]
1229	刘师道	友	13000	黄叔达	1014		[n/a]
1238	刘岑	友	25604	陆彦昭	1154		[n/a]
1313	吕广问	友	39998	汪绍			[n/a]
1313	吕广问	友	42034	罗靖			[n/a]
1313	吕广问	友	42037	罗竦			[n/a]
1314	吕公著	友	996	李植		历湖北转运判官 元祐间入为尚书度支郎 与司马光、吕公著诸人善 蔡卞用事 斥为党人	历湖北转运判官 元祐间入为尚书度支郎 与司马光、吕公著诸人善 蔡卞用事 斥为党人
1314	吕公著	友	1488	司马光			[n/a]
1327	吕大防	友	2032	杨畏	1094		[n/a]
1360	梅执礼	友	42234	何敏中			[n/a]
1384	欧阳修	友	7059	梅尧臣		工诗 以深远古淡为意 欧阳修与为诗友 自以为不及 以荫为桐城、河南、河阳主簿	工诗 以深远古淡为意 欧阳修与为诗友 自以为不及 以荫为桐城、河南、河阳主簿
1384	欧阳修	友	11666	张汝士	1068		[n/a]
1384	欧阳修	友	17935	石介	1068		[n/a]
1384	欧阳修	友	21619	丁宝臣	1068		[n/a]
1384	欧阳修	友	40922	李公佐		李秀才东园亭记(欧阳文忠公集63/7下)	李秀才东园亭记(欧阳文忠公集63/7下)
1384	欧阳修	友	46314	徐问真		潍州人 有道术 与欧阳修善 一日求去甚力 修留之不可	潍州人 有道术 与欧阳修善 一日求去甚力 修留之不可
1384	欧阳修	友	48090	陆经		坐谪流落 善真行书 欧阳修怜其贫 每与人作碑志 必先约令经书之	坐谪流落 善真行书 欧阳修怜其贫 每与人作碑志 必先约令经书之
1388	潘良贵	友	15175	陈楫	1150		[n/a]
1400	彭汝砺	友	15439	程御	1094		[n/a]
1414	鲍由	友	3767	苏轼	1121		[n/a]
1445	沉季长	友	7364	曾巩	1087		[n/a]
1453	沉辽	友	3669	马永誉			[n/a]
1458	沉叔通	友	7364	曾巩	1088		[n/a]
1488	司马光	友	237	张徽	1086		[n/a]
1488	司马光	友	996	李植		历湖北转运判官 元祐间入为尚书度支郎 与司马光、吕公著诸人善 蔡卞用事 斥为党人	历湖北转运判官 元祐间入为尚书度支郎 与司马光、吕公著诸人善 蔡卞用事 斥为党人
1488	司马光	友	1314	吕公著			[n/a]
1488	司马光	友	3279	范镇		刀笔八卷 又尝与修实录等书 镇生平与司马光相得甚懽 议论如出一口 其学本诸六经	刀笔八卷 又尝与修实录等书 镇生平与司马光相得甚懽 议论如出一口 其学本诸六经
1488	司马光	友	22106	闻人安道		通判歙州 官至职方郎中知南康军 与赵抃、司马光、苏轼交善	通判歙州 官至职方郎中知南康军 与赵抃、司马光、苏轼交善
1493	苏辙	友	3723	施大任			[n/a]
1493	苏辙	友	13213	毛维瞻	0	知筠州时，苏辙适谪其地，相与唱和。	知筠州时，苏辙适谪其地，相与唱和。
1493	苏辙	友	13612	张恕	1095		[n/a]
1493	苏辙	友	16054	巢谷	1095		[n/a]
1493	苏辙	友	43894	侯晋升			[n/a]
1521	孙觉	友	1762	王安石		登皇祐元年进士第 累擢至右正言 王安石早与觉善 骤引用之 将援以为助	登皇祐元年进士第 累擢至右正言 王安石早与觉善 骤引用之 将援以为助
1525	孙何	友	1641	丁谓		长洲县人 登淳化三年进士 与孙何齐名 时号孙丁 累官同中书门下平章事	长洲县人 登淳化三年进士 与孙何齐名 时号孙丁 累官同中书门下平章事
1547	孙载	友	3577	凌浩	1095		[n/a]
1547	孙载	友	15074	陈敏	1095		[n/a]
1547	孙载	友	15075	袁默	1095		[n/a]
1609	滕知白	友	3031	戚同文(字)	977		[n/a]
1609	滕知白	友	3031	戚同文(字)		涉父 善为诗 与戚同文相友善 官至刑部员外郎 河北转运使	涉父 善为诗 与戚同文相友善 官至刑部员外郎 河北转运使
1641	丁谓	友	875	任中正		蜀人便之 仁宗时拜兵部尚书 中正素与丁谓善 谓贬 中正营救	蜀人便之 仁宗时拜兵部尚书 中正素与丁谓善 谓贬 中正营救
1641	丁谓	友	897	寇瑊		通音律 知术数 与丁谓厚善 人以此短之	通音律 知术数 与丁谓厚善 人以此短之
1641	丁谓	友	1525	孙何		长洲县人 登淳化三年进士 与孙何齐名 时号孙丁 累官同中书门下平章事	长洲县人 登淳化三年进士 与孙何齐名 时号孙丁 累官同中书门下平章事
1641	丁谓	友	51804	刘遁		琼州人 与丁谓相善 一日作诗赠谓曰：他时驾鹤游沧海 同看蓬莱岛上春	琼州人 与丁谓相善 一日作诗赠谓曰：他时驾鹤游沧海 同看蓬莱岛上春
1649	蔡京	友	746	徐确		元丰五年试礼部第四策丙科 授江阴尉 蔡京入相 与确有旧 欲授以美官	元丰五年试礼部第四策丙科 授江阴尉 蔡京入相 与确有旧 欲授以美官
1649	蔡京	友	39381	朱冲		设药市于平江 因以致富 蔡京自钱塘过吴 因交之 携以归	设药市于平江 因以致富 蔡京自钱塘过吴 因交之 携以归
1649	蔡京	友	44956	孙鼛			[n/a]
1651	蔡襄	友	21137	杜谊			[n/a]
1651	蔡襄	友	22725	颜慥	1067		[n/a]
1717	祖无择	友	44222	柳淇			[n/a]
1762	王安石	友	395	赵鼎臣		官至太府卿 有竹隐畸士集 鼎臣与苏轼、王安石诸人交好 相与酬和 故所作具有门径	官至太府卿 有竹隐畸士集 鼎臣与苏轼、王安石诸人交好 相与酬和 故所作具有门径
1762	王安石	友	728	谢景温	1080		[n/a]
1762	王安石	友	728	谢景温		绦次子 中皇祐元年进士第 与王安石善 自京西淮南转运使骤擢侍御史 诬劾苏轼	绦次子 中皇祐元年进士第 与王安石善 自京西淮南转运使骤擢侍御史 诬劾苏轼
1762	王安石	友	971	李常			[n/a]
1762	王安石	友	1521	孙觉		登皇祐元年进士第 累擢至右正言 王安石早与觉善 骤引用之 将援以为助	登皇祐元年进士第 累擢至右正言 王安石早与觉善 骤引用之 将援以为助
1762	王安石	友	1897	王存		为欧阳修、吕公著所知 历知太常礼院 与王安石厚 安石执政 数引与论事	为欧阳修、吕公著所知 历知太常礼院 与王安石厚 安石执政 数引与论事
1762	王安石	友	3799	宋保国	1080		[n/a]
1762	王安石	友	3958	王回	1080		[n/a]
1762	王安石	友	12989	潘兴嗣	1080		[n/a]
1762	王安石	友	13574	张伯孙	1080		[n/a]
1762	王安石	友	19871	王该	0		[n/a]
1762	王安石	友	39075	饶竦	0		[n/a]
1762	王安石	友	40134	求仲弓		与王安石为文字交	与王安石为文字交
1762	王安石	友	40401	释赞元			[n/a]
1762	王安石	友	53771	释瑞新		值火寺燬 乃劝州之人士为建水陆堂 新与王安石相交 后移主金山之龙游 皇祐五年卒	值火寺燬 乃劝州之人士为建水陆堂 新与王安石相交 后移主金山之龙游 皇祐五年卒
1817	王岘	友	27928	刘黼	1101		[n/a]
1897	王存	友	1762	王安石		为欧阳修、吕公著所知 历知太常礼院 与王安石厚 安石执政 数引与论事	为欧阳修、吕公著所知 历知太常礼院 与王安石厚 安石执政 数引与论事
1950	温仲舒	友	898	寇准	1007		[n/a]
1970	吴芾	友	8008	秦桧			[n/a]
1986	吴遵路	友	8043	范仲淹			[n/a]
2022	杨时	友	11885	游酢	1130		[n/a]
2022	杨时	友	27148	游复	1130		[n/a]
2032	杨畏	友	962	来之邵	1104		[n/a]
2032	杨畏	友	1327	吕大防	1104		[n/a]
2032	杨畏	友	8089	刘挚	1104		[n/a]
2040	姚铉	友	38477	文道南	0		[n/a]
2073	晏殊	友	41028	李宗易			[n/a]
3029	晁说之	友	14221	陈恬	1112		[n/a]
3031	戚同文(字)	友	1609	滕知白	976		[n/a]
3031	戚同文(字)	友	1609	滕知白		涉父 善为诗 与戚同文相友善 官至刑部员外郎 河北转运使	涉父 善为诗 与戚同文相友善 官至刑部员外郎 河北转运使
3031	戚同文(字)	友	3139	张昉		本燕人 徙华州渭南 与戚同文为友 有史材 历知杂御史省郎	本燕人 徙华州渭南 与戚同文为友 有史材 历知杂御史省郎
3031	戚同文(字)	友	22273	韦襄			[n/a]
3043	秦观	友	16282	钱节	1100		[n/a]
3043	秦观	友	34891	释道潜		能文章 尤喜为诗 与苏轼、秦观深相契 轼称其诗无一点蔬笋气 轼在黄州时	能文章 尤喜为诗 与苏轼、秦观深相契 轼称其诗无一点蔬笋气 轼在黄州时
3043	秦观	友	52719	魏景		而乃讳之 善属文 与秦观善	而乃讳之 善属文 与秦观善
3075	陈亮	友	3288	范子长	1194		[n/a]
3075	陈亮	友	13895	范子该	1194		[n/a]
3075	陈亮	友	13895	范子该		子长弟 与兄同游张栻之门 与陈亮相友善	子长弟 与兄同游张栻之门 与陈亮相友善
3075	陈亮	友	16783	范仲艺	1194		[n/a]
3075	陈亮	友	17491	吕浩			[n/a]
3075	陈亮	友	22412	吴竿		敭历中外 所至有声 所交叶适、陈亮 皆相器重	敭历中外 所至有声 所交叶适、陈亮 皆相器重
3075	陈亮	友	27361	徐木	1194		[n/a]
3075	陈亮	友	44515	郎翥		郎翥遣子景明从陈亮游。	郎翥遣子景明从陈亮游。
3075	陈亮	友	44747	凌坚		率母训 以学行自见 陈亮患难中 坚每为之奔走	率母训 以学行自见 陈亮患难中 坚每为之奔走
3076	陈烈	友	3242	周希孟	1042		[n/a]
3076	陈烈	友	7005	陈襄	1042		[n/a]
3076	陈烈	友	7187	郑穆	1042		[n/a]
3081	陈师道	友	38365	王立之	0		[n/a]
3081	陈师道	友	41507	吴范		范登其门 复因辙而见轼 遂交陈师道 又见知于杨杰 故得与于元祐文献之传	范登其门 复因辙而见轼 遂交陈师道 又见知于杨杰 故得与于元祐文献之传
3102	程颢	友	19151	李敏之	1085		[n/a]
3108	程松	友	3326	韩侂冑		绍熙进士 庆元中知钱塘县 谄事吴曦以结韩侂冑 累除同知枢密院事 自邑宰至执政纔四年	绍熙进士 庆元中知钱塘县 谄事吴曦以结韩侂冑 累除同知枢密院事 自邑宰至执政纔四年
3134	张俊	友	25412	赵士褭	1145		[n/a]
3139	张昉	友	3031	戚同文(字)		本燕人 徙华州渭南 与戚同文为友 有史材 历知杂御史省郎	本燕人 徙华州渭南 与戚同文为友 有史材 历知杂御史省郎
3200	赵汝愚	友	10613	林成季			[n/a]
3242	周希孟	友	3076	陈烈	1042		[n/a]
3242	周希孟	友	7005	陈襄	1042		[n/a]
3242	周希孟	友	7187	郑穆	1042		[n/a]
3244	周行己	友	21765	段万顷			[n/a]
3244	周行己	友	35006	左纬	1121		[n/a]
3256	朱服	友	3767	苏轼	1103		[n/a]
3257	朱熹	友	4103	颜度	1179		[n/a]
3257	朱熹	友	7164	张栻	1179		[n/a]
3257	朱熹	友	10049	蔡元定	1179		[n/a]
3257	朱熹	友	10083	崔嘉彦	1179		[n/a]
3257	朱熹	友	10613	林成季	1179		[n/a]
3257	朱熹	友	11833	刘玶	1179		[n/a]
3257	朱熹	友	13651	陈宋霖	1179		[n/a]
3257	朱熹	友	13773	张杰	1179		[n/a]
3257	朱熹	友	16692	王炎	0	与朱熹交谊颇笃	与朱熹交谊颇笃
3257	朱熹	友	17527	吴儆	1179		[n/a]
3257	朱熹	友	18827	胡襄		以为赵鼎、胡寅之学 被锢十馀年 晚复交朱熹 由是体用浃洽 本末兼备	以为赵鼎、胡寅之学 被锢十馀年 晚复交朱熹 由是体用浃洽 本末兼备
3257	朱熹	友	19164	李闳祖	1179		[n/a]
3257	朱熹	友	20700	马千之			[n/a]
3257	朱熹	友	20910	石?	1179		[n/a]
3257	朱熹	友	23388	黄文晟	1179		[n/a]
3257	朱熹	友	23735	陈旦		字明仲 建阳人 与朱熹交 为侯官县令	字明仲 建阳人 与朱熹交 为侯官县令
3257	朱熹	友	27361	徐木	1179		[n/a]
3257	朱熹	友	27385	魏掞之	1179		[n/a]
3257	朱熹	友	30359	辛弃疾	1179		[n/a]
3257	朱熹	友	39282	丘义	0		[n/a]
3257	朱熹	友	39304	江嗣	0		[n/a]
3257	朱熹	友	41609	吴楫			[n/a]
3257	朱熹	友	42968	洪撙			[n/a]
3257	朱熹	友	43588	范念德			[n/a]
3257	朱熹	友	44397	马大同			[n/a]
3257	朱熹	友	45163	孙邦仁			[n/a]
3257	朱熹	友	46220	徐逸		自称汝阳被褐公 天台人 少与朱熹为友	自称汝阳被褐公 天台人 少与朱熹为友
3257	朱熹	友	46271	徐元聘		号芸斋 朱熹友人 有田舍一区 旁治轩窗	号芸斋 朱熹友人 有田舍一区 旁治轩窗
3257	朱熹	友	48752	黄仲本		邵武人 官至州守 与朱熹为友 以复名斋 请朱熹为之记	邵武人 官至州守 与朱熹为友 以复名斋 请朱熹为之记
3257	朱熹	友	49172	程伯荣		字良弼 古田人 与同邑苏龟龄、沉有开、傅子渊皆友于朱熹	字良弼 古田人 与同邑苏龟龄、沉有开、傅子渊皆友于朱熹
3257	朱熹	友	50104	赵悰		字彦忠 晋江人 与朱熹善 为福建运管 宽盐法之病民者	字彦忠 晋江人 与朱熹善 为福建运管 宽盐法之病民者
3257	朱熹	友	51443	邓林		淳熙五年登第 奉泰和主簿 尝与辛弃疾、周必大、陈傅良、戴溪、朱熹、吕祖谦等为友 凡三上书于朝 讥切朝政	淳熙五年登第 奉泰和主簿 尝与辛弃疾、周必大、陈傅良、戴溪、朱熹、吕祖谦等为友 凡三上书于朝 讥切朝政
3257	朱熹	友	52353	应恕		括苍人 淳熙初寓黄岩 朱熹以隐居老友称之 门人赵师渊等号艮斋先生	括苍人 淳熙初寓黄岩 朱熹以隐居老友称之 门人赵师渊等号艮斋先生
3279	范镇	友	1488	司马光		刀笔八卷 又尝与修实录等书 镇生平与司马光相得甚懽 议论如出一口 其学本诸六经	刀笔八卷 又尝与修实录等书 镇生平与司马光相得甚懽 议论如出一口 其学本诸六经
3279	范镇	友	39143	白子仪	0	与范镇友善，东斋纪事多引其说。	与范镇友善，东斋纪事多引其说。
3288	范子长	友	3075	陈亮	1211		[n/a]
3294	方逢辰	友	41923	吴攀龙			[n/a]
3322	韩境	友	42219	林拾			[n/a]
3326	韩侂冑	友	3108	程松		绍熙进士 庆元中知钱塘县 谄事吴曦以结韩侂冑 累除同知枢密院事 自邑宰至执政纔四年	绍熙进士 庆元中知钱塘县 谄事吴曦以结韩侂冑 累除同知枢密院事 自邑宰至执政纔四年
3402	胡寅	友	648	韩璜	1156		[n/a]
3402	胡寅	友	648	韩璜		后知谏院 以忤秦桧罢归 与胡寅、向子忞友善 时相过从 称三友	后知谏院 以忤秦桧罢归 与胡寅、向子忞友善 时相过从 称三友
3404	胡瑗	友	14374	陈之奇		官中允 即乞归 与胡瑗、苏舜钦为友 时号吴下三贤	官中允 即乞归 与胡瑗、苏舜钦为友 时号吴下三贤
3438	孔武仲	友	40304	李中			[n/a]
3439	孔文仲	友	40304	李中			[n/a]
3484	李之仪	友	41342	李道甫			[n/a]
3504	李虚己	友	22273	韦襄			[n/a]
3537	李遵勗	友	10623	刘筠		《宋史》卷464“李遵勗”传：又与刘筠相友善，筠卒，存恤其家。	《宋史》卷464“李遵勗”传：又与刘筠相友善，筠卒，存恤其家。
3552	李郁	友	41609	吴楫			[n/a]
3577	凌浩	友	1547	孙载	1095		[n/a]
3577	凌浩	友	15074	陈敏	1095		[n/a]
3577	凌浩	友	15075	袁默	1095		[n/a]
3595	刘克庄	友	11120	黄绩	1246		[n/a]
3595	刘克庄	友	11427	方审权	1246		[n/a]
3595	刘克庄	友	11427	方审权		每歎曰：吾耕读于此 足了一生矣 与刘克庄、王迈相友善 景定五年卒 八十五	每歎曰：吾耕读于此 足了一生矣 与刘克庄、王迈相友善 景定五年卒 八十五
3595	刘克庄	友	12923	萧桂发	1246		[n/a]
3595	刘克庄	友	38152	王必成	0		[n/a]
3595	刘克庄	友	44338	秦纲		有胆略 所为诗文多悲壮慷慨 与刘克庄善 克庄荐之于方信儒 与俱使北	有胆略 所为诗文多悲壮慷慨 与刘克庄善 克庄荐之于方信儒 与俱使北
3595	刘克庄	友	45281	孙惟信			[n/a]
3595	刘克庄	友	46127	翁定		建安人 工律诗 与刘克庄友 尤为真德秀所知 晚为洛学	建安人 工律诗 与刘克庄友 尤为真德秀所知 晚为洛学
3624	楼钥	友	10360	郑若冲	1193		[n/a]
3624	楼钥	友	18519	谢杰		良佐后裔 官永嘉郡丞 与楼钥为忘年交 奉祠主管云台观卒	良佐后裔 官永嘉郡丞 与楼钥为忘年交 奉祠主管云台观卒
3624	楼钥	友	19103	洪蘩			[n/a]
3624	楼钥	友	37899	王梠	0		[n/a]
3624	楼钥	友	43013	鲍俊德		俊德少笃学 几忘寒飢 与楼钥友善 淳熙十年卒 年五十六	俊德少笃学 几忘寒飢 与楼钥友善 淳熙十年卒 年五十六
3624	楼钥	友	43020	谢雩		雩讲学务出于正 早受知于舅氏张阐 又与楼钥相交好 著有正字韵类五卷 陈傅良为之序	雩讲学务出于正 早受知于舅氏张阐 又与楼钥相交好 著有正字韵类五卷 陈傅良为之序
3624	楼钥	友	43090	张汝砺			[n/a]
3624	楼钥	友	46491	郭杞		为人刚峭 家无馀赀 与当时名士楼钥、黄仁杰相友善 尤为杨万里所知	为人刚峭 家无馀赀 与当时名士楼钥、黄仁杰相友善 尤为杨万里所知
3632	陆九渊	友	23388	黄文晟	1192		[n/a]
3639	陆棠	友	8044	范宗尹		知识甚广 宣和末补迪功郎 范宗尹拜相 棠与之有旧 得为广东提刑司属官	知识甚广 宣和末补迪功郎 范宗尹拜相 棠与之有旧 得为广东提刑司属官
3640	陆游	友	25575	谭季壬	1184		[n/a]
3640	陆游	友	25610	王琳	1184		[n/a]
3640	陆游	友	33596	刘应时	1184		[n/a]
3640	陆游	友	44017	范中立			[n/a]
3669	马永誉	友	1453	沉辽			[n/a]
3676	米芾	友	548	锺正甫	1107		[n/a]
3718	邵雍	友	41726	吴执中			[n/a]
3723	施大任	友	559	范纯仁			[n/a]
3723	施大任	友	1493	苏辙			[n/a]
3727	史弥远	友	22601	杨谷	1233		[n/a]
3727	史弥远	友	22602	杨石	1233		[n/a]
3762	苏洵	友	19074	任孜	1066		[n/a]
3762	苏洵	友	19075	任伋	1066		[n/a]
3762	苏洵	友	27391	员安舆			[n/a]
3767	苏轼	友	1414	鲍由	1095		[n/a]
3767	苏轼	友	3256	朱服	1095		[n/a]
3767	苏轼	友	7111	黄庭坚	0		[n/a]
3767	苏轼	友	7308	欧阳发		元丰八年卒 年四十六 苏轼哭之 谓发得文忠之学 蔡伯喈、张茂先之流也	元丰八年卒 年四十六 苏轼哭之 谓发得文忠之学 蔡伯喈、张茂先之流也
3767	苏轼	友	7376	王诜	1095		[n/a]
3767	苏轼	友	11645	苏嘉		改知杭州富阳县 究心民事 为苏轼所知 历太常博士 通判常州	改知杭州富阳县 究心民事 为苏轼所知 历太常博士 通判常州
3767	苏轼	友	13612	张恕	1095		[n/a]
3767	苏轼	友	13798	王直方	0		[n/a]
3767	苏轼	友	15878	闾丘孝终		未几挂冠归 与崇大年辈以耆德称 苏轼谪黄时与孝终友善 相推重 过吴尝饮酒赋诗其家	未几挂冠归 与崇大年辈以耆德称 苏轼谪黄时与孝终友善 相推重 过吴尝饮酒赋诗其家
3767	苏轼	友	16048	杜俣		成都人 父沂 与苏轼友善 俣幼从轼游 家藏书画甚富	成都人 父沂 与苏轼友善 俣幼从轼游 家藏书画甚富
3767	苏轼	友	16054	巢谷	1095		[n/a]
3767	苏轼	友	21239	苏坚	1095		[n/a]
3767	苏轼	友	22106	闻人安道		通判歙州 官至职方郎中知南康军 与赵抃、司马光、苏轼交善	通判歙州 官至职方郎中知南康军 与赵抃、司马光、苏轼交善
3767	苏轼	友	26882	葛敏修	1095		[n/a]
3767	苏轼	友	43894	侯晋升			[n/a]
3767	苏轼	友	46262	徐大正		元祐中赴省试 过钓台题诗 苏轼见之 遂与定交 尝筑室北山下	元祐中赴省试 过钓台题诗 苏轼见之 遂与定交 尝筑室北山下
3767	苏轼	友	50020	翟逢亨		事母至孝 居白鹤峰东 苏轼谪惠时 尝与往还	事母至孝 居白鹤峰东 苏轼谪惠时 尝与往还
3767	苏轼	友	52951	释戒		住扬州石塔院 苏轼与之善 及轼镇维扬 欲解院职	住扬州石塔院 苏轼与之善 及轼镇维扬 欲解院职
3767	苏轼	友	53209	释仲殊		预乡荐 后削髮为僧 苏轼与之往还甚善 工于诗词 有宝月集	预乡荐 后削髮为僧 苏轼与之往还甚善 工于诗词 有宝月集
3767	苏轼	友	53320	释法泉		太平兴国寺 赐号佛慧 与苏轼友善 晚奉诏住大相国智海禅寺	太平兴国寺 赐号佛慧 与苏轼友善 晚奉诏住大相国智海禅寺
3799	宋保国	友	1762	王安石	1098		[n/a]
3849	丁隲	友	209	张巨	1087		[n/a]
3849	丁隲	友	461	蒋之奇	1087		[n/a]
3849	丁隲	友	833	胡宗愈	1087		[n/a]
3888	邹浩	友	21599	田昼	0		[n/a]
3888	邹浩	友	25035	王回	0		[n/a]
3951	王厚之	友	33345	林师蒧	1196		[n/a]
3958	王回	友	1762	王安石	1065		[n/a]
3967	王令	友	40506	杜渐			[n/a]
3968	王雱	友	21167	杜炤	1094	据宋元学案补遗：杜炤少与王雱友，相得驩甚；自其父安石变法，尚新经，天下翕然归之，炤遂不复与雱接。	据宋元学案补遗：杜炤少与王雱友，相得驩甚；自其父安石变法，尚新经，天下翕然归之，炤遂不复与雱接。
3970	王伯起	友	42350	林子充			[n/a]
3997	王禹偁	友	1034	李巽	1001		[n/a]
4001	魏了翁	友	10794	虞刚简	1237		[n/a]
4001	魏了翁	友	10829	范仲黼	1237		[n/a]
4001	魏了翁	友	10831	李心传	1237		[n/a]
4001	魏了翁	友	18049	洪咨夔			[n/a]
4001	魏了翁	友	21246	苏振文	1237		[n/a]
4001	魏了翁	友	25860	林岊			[n/a]
4001	魏了翁	友	51400	郑梦协		玉山人 师事赵蕃 与魏了翁、真德秀厚 讲道最笃 刘宰尤称其文章	玉山人 师事赵蕃 与魏了翁、真德秀厚 讲道最笃 刘宰尤称其文章
4002	魏叔介	友	670	韩元龙	1177		[n/a]
4103	颜度	友	3257	朱熹	1187		[n/a]
4125	尹焞	友	42043	滕恺		婺源人 幼颖悟好学 尹焞高弟吕和问客于婺 恺与为师友 登绍兴五年进士第	婺源人 幼颖悟好学 尹焞高弟吕和问客于婺 恺与为师友 登绍兴五年进士第
7005	陈襄	友	742	徐常	1072		[n/a]
7005	陈襄	友	3076	陈烈	1072		[n/a]
7005	陈襄	友	3242	周希孟	1072		[n/a]
7005	陈襄	友	7187	郑穆	1072		[n/a]
7007	程俱	友	42630	江仲嘉			[n/a]
7026	范祖禹	友	16878	朱光庭	1098		[n/a]
7055	吕祖谦	友	10573	吴松年	1181		[n/a]
7055	吕祖谦	友	10613	林成季	1181		[n/a]
7055	吕祖谦	友	13239	刘清之	1173	Visits Lv Zuqian together with Lu JiulingVisits again 1074.1	Visits Lv Zuqian together with Lu JiulingVisits again 1074.1
7055	吕祖谦	友	13773	张杰	1181		[n/a]
7055	吕祖谦	友	17527	吴儆	1181		[n/a]
7055	吕祖谦	友	17987	郭良臣	1181		[n/a]
7055	吕祖谦	友	18027	乔拱	1181		[n/a]
7055	吕祖谦	友	20584	陆九龄	1180	visiting together1173.8.1173.101179.101180.4Lu Jiuling comes to visit	visiting together1173.8.1173.101179.101180.4Lu Jiuling comes to visit
7055	吕祖谦	友	26140	赵焯	1181		[n/a]
7055	吕祖谦	友	34068	王颐	1174	Does muzhiming for father Wang Tian	Does muzhiming for father Wang Tian
7055	吕祖谦	友	40208	宋去非			[n/a]
7055	吕祖谦	友	43063	汤烈			[n/a]
7055	吕祖谦	友	51443	邓林		淳熙五年登第 奉泰和主簿 尝与辛弃疾、周必大、陈傅良、戴溪、朱熹、吕祖谦等为友 凡三上书于朝 讥切朝政	淳熙五年登第 奉泰和主簿 尝与辛弃疾、周必大、陈傅良、戴溪、朱熹、吕祖谦等为友 凡三上书于朝 讥切朝政
7055	吕祖谦	友	51746	刘砥			[n/a]
7055	吕祖谦	友	51940	刘世南		嘉誉子 少从三山林之奇游 与吕祖谦为友 秉礼蹈义 乡党敬之	嘉誉子 少从三山林之奇游 与吕祖谦为友 秉礼蹈义 乡党敬之
7059	梅尧臣	友	1384	欧阳修		工诗 以深远古淡为意 欧阳修与为诗友 自以为不及 以荫为桐城、河南、河阳主簿	工诗 以深远古淡为意 欧阳修与为诗友 自以为不及 以荫为桐城、河南、河阳主簿
7059	梅尧臣	友	16033	吴华	1060		[n/a]
7064	苏舜钦	友	10170	江休复	1048		[n/a]
7064	苏舜钦	友	14374	陈之奇		官中允 即乞归 与胡瑗、苏舜钦为友 时号吴下三贤	官中允 即乞归 与胡瑗、苏舜钦为友 时号吴下三贤
7072	曾肇	友	46254	徐徽		抗疏致仕 自号独山居士 与曾肇为文字交 尝采集唐宋两朝文为一编示肇 肇裒集之	抗疏致仕 自号独山居士 与曾肇为文字交 尝采集唐宋两朝文为一编示肇 肇裒集之
7076	王安国	友	40401	释赞元			[n/a]
7079	王质	友	8043	范仲淹		质独克己好善 自奉简素 范仲淹贬饶州 质持酒往饯 世以此益贤之	质独克己好善 自奉简素 范仲淹贬饶州 质持酒往饯 世以此益贤之
7084	王巩	友	13612	张恕	1096		[n/a]
7097	杨亿	友	1226	刘式	1020		[n/a]
7104	尹洙	友	8043	范仲淹		天圣二年进士 屡迁太子中允 会范仲淹贬 洙奏仲淹臣之师友 仲淹被罪	天圣二年进士 屡迁太子中允 会范仲淹贬 洙奏仲淹臣之师友 仲淹被罪
7104	尹洙	友	10170	江休复	1047		[n/a]
7104	尹洙	友	11666	张汝士	1047		[n/a]
7111	黄庭坚	友	13798	王直方	0		[n/a]
7111	黄庭坚	友	14303	王献可	1097		[n/a]
7111	黄庭坚	友	19868	李冲元	1097		[n/a]
7111	黄庭坚	友	24893	杨琳		字君全 青神人 元符二年饯黄庭坚于中岩	字君全 青神人 元符二年饯黄庭坚于中岩
7111	黄庭坚	友	26882	葛敏修	1097		[n/a]
7111	黄庭坚	友	40893	李才甫			[n/a]
7111	黄庭坚	友	43257	林师仲			[n/a]
7111	黄庭坚	友	43949	高荷		《跋高子勉诗》(《黄豫章集》26/16)。	《跋高子勉诗》(《黄豫章集》26/16)。
7111	黄庭坚	友	45210	章君庭			[n/a]
7111	黄庭坚	友	48797	黄斌老		登科 任戎州倅 黄庭坚贬戎州 与定交 善画竹	登科 任戎州倅 黄庭坚贬戎州 与定交 善画竹
7111	黄庭坚	友	49393	杨崈		字景山 四川青神人 元符三年酌黄庭坚于中岩之东堂山 大观中为仙居令	字景山 四川青神人 元符三年酌黄庭坚于中岩之东堂山 大观中为仙居令
7111	黄庭坚	友	51148	潘谷		或不持钱求墨 不计多少与之 黄庭坚尝以锦囊贮其墨半丸 后饮酒三日 发狂浪走赴井死	或不持钱求墨 不计多少与之 黄庭坚尝以锦囊贮其墨半丸 后饮酒三日 发狂浪走赴井死
7127	陈侁	友	7128	陈瓘		清曾孙 中元符三年进士 与陈瓘友善 瓘谪岭外 侁以书贺之	清曾孙 中元符三年进士 与陈瓘友善 瓘谪岭外 侁以书贺之
7128	陈瓘	友	7127	陈侁		清曾孙 中元符三年进士 与陈瓘友善 瓘谪岭外 侁以书贺之	清曾孙 中元符三年进士 与陈瓘友善 瓘谪岭外 侁以书贺之
7128	陈瓘	友	15208	陈伯彊	1109		[n/a]
7128	陈瓘	友	24338	林暐	1109		[n/a]
7128	陈瓘	友	49997	廖邃明		少不羁 尚气諠 陈瓘南迁过全 无敢近者 邃明独问劳如故	少不羁 尚气諠 陈瓘南迁过全 无敢近者 邃明独问劳如故
7164	张栻	友	3257	朱熹	1180		[n/a]
7164	张栻	友	10613	林成季	1180		[n/a]
7164	张栻	友	13773	张杰	1180		[n/a]
7164	张栻	友	17527	吴儆	1180		[n/a]
7187	郑穆	友	3076	陈烈	1083		[n/a]
7187	郑穆	友	3242	周希孟	1083		[n/a]
7187	郑穆	友	7005	陈襄	1083		[n/a]
7197	周必大	友	13148	胡箕	1181		[n/a]
7197	周必大	友	14967	詹体仁	1181		[n/a]
7197	周必大	友	21791	段元恺			[n/a]
7197	周必大	友	51443	邓林		淳熙五年登第 奉泰和主簿 尝与辛弃疾、周必大、陈傅良、戴溪、朱熹、吕祖谦等为友 凡三上书于朝 讥切朝政	淳熙五年登第 奉泰和主簿 尝与辛弃疾、周必大、陈傅良、戴溪、朱熹、吕祖谦等为友 凡三上书于朝 讥切朝政
7203	朱晞颜	友	11800	刘宰	1221		[n/a]
7203	朱晞颜	友	18685	戴栩	0		[n/a]
7203	朱晞颜	友	27723	游九言	0		[n/a]
7253	胡峄	友	11247	方惟深			[n/a]
7253	胡峄	友	11465	林虙			[n/a]
7273	李处道	友	12354	张耒	1097		[n/a]
7308	欧阳发	友	3767	苏轼		元丰八年卒 年四十六 苏轼哭之 谓发得文忠之学 蔡伯喈、张茂先之流也	元丰八年卒 年四十六 苏轼哭之 谓发得文忠之学 蔡伯喈、张茂先之流也
7343	孙觌	友	826	胡松年		猫相乳记(鸿庆居士文集21/9下)	猫相乳记(鸿庆居士文集21/9下)
7354	蔡湍	友	10566	杨万里	1176		[n/a]
7364	曾巩	友	902	孔延之	1083		[n/a]
7364	曾巩	友	1445	沉季长	1083		[n/a]
7364	曾巩	友	1458	沉叔通	1083		[n/a]
7364	曾巩	友	40304	李中			[n/a]
7364	曾巩	友	43033	孙立节			[n/a]
7376	王诜	友	3767	苏轼	1115		[n/a]
8004	陈与义	友	455	姜仲谦		诜父 仕终广东运副 建炎间与任才仲、陈与义会饮岳阳楼上 赋诗以记 仲谦有文名	诜父 仕终广东运副 建炎间与任才仲、陈与义会饮岳阳楼上 赋诗以记 仲谦有文名
8004	陈与义	友	16570	周莘	1138		[n/a]
8008	秦桧	友	1970	吴芾			[n/a]
8023	赵普	友	984	李崇矩	991		[n/a]
8023	赵普	友	984	李崇矩		仕汉及周 太祖时拜枢密使 与赵普相厚善 太平兴国初 出为琼、崖、儋、万四州都巡检使	仕汉及周 太祖时拜枢密使 与赵普相厚善 太平兴国初 出为琼、崖、儋、万四州都巡检使
8043	范仲淹	友	1037	李紘		紘长于吏治 笃于交游 范仲淹被谪 朝士畏宰相无敢过者 紘独出郊饯饮之	紘长于吏治 笃于交游 范仲淹被谪 朝士畏宰相无敢过者 紘独出郊饯饮之
8043	范仲淹	友	1986	吴遵路			[n/a]
8043	范仲淹	友	7079	王质		质独克己好善 自奉简素 范仲淹贬饶州 质持酒往饯 世以此益贤之	质独克己好善 自奉简素 范仲淹贬饶州 质持酒往饯 世以此益贤之
8043	范仲淹	友	7104	尹洙		天圣二年进士 屡迁太子中允 会范仲淹贬 洙奏仲淹臣之师友 仲淹被罪	天圣二年进士 屡迁太子中允 会范仲淹贬 洙奏仲淹臣之师友 仲淹被罪
8043	范仲淹	友	11623	汪宗颜	1045		[n/a]
8043	范仲淹	友	20268	刘涣	1045		[n/a]
8043	范仲淹	友	43318	胡景裕		旧与高平范公之父相识京邑，范避地至潭，行装垂罄，景裕亦困居，乃以千钱为赠，曰某虽贫，里中有所贷，公今流落途穷，少助行色。范谢其意而却之。	旧与高平范公之父相识京邑，范避地至潭，行装垂罄，景裕亦困居，乃以千钱为赠，曰某虽贫，里中有所贷，公今流落途穷，少助行色。范谢其意而却之。
8044	范宗尹	友	3639	陆棠		知识甚广 宣和末补迪功郎 范宗尹拜相 棠与之有旧 得为广东提刑司属官	知识甚广 宣和末补迪功郎 范宗尹拜相 棠与之有旧 得为广东提刑司属官
8051	韩维	友	40910	杜骧			[n/a]
8061	许景衡	友	35006	左纬	1128		[n/a]
8079	李光	友	16643	胡宗伋			[n/a]
8082	李邴	友	14419	陈骥	1136		[n/a]
8082	李邴	友	14514	张读	1136		[n/a]
8087	刘昌言	友	50207	赵赞		太宗以为忠 累迁右谏议大夫、同知枢密院事 因与凶人赵赞素善 赞诛 心不自安	太宗以为忠 累迁右谏议大夫、同知枢密院事 因与凶人赵赞素善 赞诛 心不自安
8089	刘挚	友	2032	杨畏	1092		[n/a]
8098	陆佃	友	40022	沉凭			[n/a]
8113	史浩	友	19392	顾成忠	1175		[n/a]
8116	苏颂	友	48212	崔唐臣		晋江人 与苏颂、吕濬交善 二人登第 唐臣遂罢举	晋江人 与苏颂、吕濬交善 二人登第 唐臣遂罢举
8175	岳飞	友	28448	贡祖文	1141		[n/a]
9001	赵匡胤	友	10409	李继勳			[n/a]
9001	赵匡胤	友	20030	李谦昇	975		[n/a]
10049	蔡元定	友	3257	朱熹	1194		[n/a]
10083	崔嘉彦	友	3257	朱熹	1167		[n/a]
10170	江休复	友	7064	苏舜钦	1060		[n/a]
10170	江休复	友	7104	尹洙	1060		[n/a]
10173	文同	友	10176	钱衮	1079		[n/a]
10173	文同	友	21097	石康伯		其家藏书画数百轴 编册曰石氏画苑 与文同善 元丰三年时 年六十一	其家藏书画数百轴 编册曰石氏画苑 与文同善 元丰三年时 年六十一
10173	文同	友	27391	员安舆			[n/a]
10176	钱衮	友	10173	文同	1066		[n/a]
10189	龚颐正	友	41867	吕存中			[n/a]
10223	张子厚	友	17732	张山甫		三子齐名 关中号三杰 与张子厚善 故武功因有子厚录野亭	三子齐名 关中号三杰 与张子厚善 故武功因有子厚录野亭
10239	陈居仁	友	10360	郑若冲	1181		[n/a]
10258	真德秀	友	22701	叶绍翁	1235		[n/a]
10258	真德秀	友	22701	叶绍翁		徙处州龙泉 其学出于叶适 尤与真德秀善 所著四朝闻见录 南渡以后诸野史足补史传之阙者	徙处州龙泉 其学出于叶适 尤与真德秀善 所著四朝闻见录 南渡以后诸野史足补史传之阙者
10258	真德秀	友	44337	祝士表			[n/a]
10258	真德秀	友	45671	曹晋伯			[n/a]
10258	真德秀	友	51400	郑梦协		玉山人 师事赵蕃 与魏了翁、真德秀厚 讲道最笃 刘宰尤称其文章	玉山人 师事赵蕃 与魏了翁、真德秀厚 讲道最笃 刘宰尤称其文章
10289	袁燮	友	10314	吴鑑之	1212		[n/a]
10289	袁燮	友	26745	蒋如晦	1212		[n/a]
10289	袁燮	友	41501	杨子嘉			[n/a]
10296	袁甫	友	21495	汤汉	1244		[n/a]
10296	袁甫	友	39653	伍维寅	0		[n/a]
10296	袁甫	友	47130	张伯常		龙泉人 学于袁爕 与袁甫为友 甫称其学醇行方 气充识明	龙泉人 学于袁爕 与袁甫为友 甫称其学醇行方 气充识明
10314	吴鑑之	友	10289	袁燮	1200		[n/a]
10325	舒璘	友	17062	竺欣		邻里称善 遣其子大年从沉焕游 他日喜而语舒璘曰：诸子自得师 粗厉之习变而为儒雅 暴慢之气转而为温厚	邻里称善 遣其子大年从沉焕游 他日喜而语舒璘曰：诸子自得师 粗厉之习变而为儒雅 暴慢之气转而为温厚
10349	汪大猷	友	10360	郑若冲	1175		[n/a]
10360	郑若冲	友	3624	楼钥	1157		[n/a]
10360	郑若冲	友	10239	陈居仁	1157		[n/a]
10360	郑若冲	友	10349	汪大猷	1157		[n/a]
10409	李继勳	友	9001	赵匡胤			[n/a]
10451	慕容彦逢	友	24490	单子发	1117		[n/a]
10543	陈著	友	16153	蒋晓	1283		[n/a]
10547	陈贻范	友	51193	潘思孟		字几道 临海人 治平间与陈贻范为友 以道义自高 乡人多师之	字几道 临海人 治平间与陈贻范为友 以道义自高 乡人多师之
10565	胡铨	友	21790	段冲	1158		[n/a]
10566	杨万里	友	7354	蔡湍	1184		[n/a]
10566	杨万里	友	33596	刘应时	1184		[n/a]
10566	杨万里	友	51779	刘琥		家于湖州新市 尝监零陵户部赡军酒库 与杨万里相善 及调临安府壕寨官 居閒	家于湖州新市 尝监零陵户部赡军酒库 与杨万里相善 及调临安府壕寨官 居閒
10566	杨万里	友	52052	刘景明		名未详 字景明 杨万里与之定交 其游长沙 万里为序以送之	名未详 字景明 杨万里与之定交 其游长沙 万里为序以送之
10566	杨万里	友	52844	罗惟一		字允中 庐陵人 与杨万里友 著有尚书集说 万里为之序	字允中 庐陵人 与杨万里友 著有尚书集说 万里为之序
10573	吴松年	友	7055	吕祖谦	1178		[n/a]
10573	吴松年	友	10592	郑伯熊	1178		[n/a]
10573	吴松年	友	10598	王十朋	1178		[n/a]
10573	吴松年	友	10612	林光朝	1178		[n/a]
10585	陈傅良	友	18588	徐谊	1196		[n/a]
10585	陈傅良	友	51443	邓林		淳熙五年登第 奉泰和主簿 尝与辛弃疾、周必大、陈傅良、戴溪、朱熹、吕祖谦等为友 凡三上书于朝 讥切朝政	淳熙五年登第 奉泰和主簿 尝与辛弃疾、周必大、陈傅良、戴溪、朱熹、吕祖谦等为友 凡三上书于朝 讥切朝政
10589	蔡幼学	友	20646	吕声之	1213		[n/a]
10589	蔡幼学	友	20646	吕声之		琰子 以能诗名 师陈傅良而友蔡幼学 同升太学 壁记题名	琰子 以能诗名 师陈傅良而友蔡幼学 同升太学 壁记题名
10592	郑伯熊	友	10573	吴松年	1175		[n/a]
10598	王十朋	友	10573	吴松年	1171		[n/a]
10598	王十朋	友	14426	陈登	1171		[n/a]
10598	王十朋	友	44632	孙皜		开封人 南渡后家于会稽 与王十朋善 绍兴十五年卒 年三十二	开封人 南渡后家于会稽 与王十朋善 绍兴十五年卒 年三十二
10612	林光朝	友	10573	吴松年	1175		[n/a]
10612	林光朝	友	24853	林大鼐			[n/a]
10612	林光朝	友	25903	方秉俟	1175		[n/a]
10612	林光朝	友	47910	陈昭度		十馀年不调 自号西轩子 与林光朝、方翥友善 既而教授藤州 以致知谨独教学者	十馀年不调 自号西轩子 与林光朝、方翥友善 既而教授藤州 以致知谨独教学者
10613	林成季	友	3200	赵汝愚			[n/a]
10613	林成季	友	3257	朱熹	1202		[n/a]
10613	林成季	友	7055	吕祖谦	1202		[n/a]
10613	林成季	友	7164	张栻	1202		[n/a]
10615	洪朋	友	19868	李冲元	1100		[n/a]
10623	刘筠	友	3537	李遵勗		《宋史》卷464“李遵勗”传：又与刘筠相友善，筠卒，存恤其家。	《宋史》卷464“李遵勗”传：又与刘筠相友善，筠卒，存恤其家。
10700	王佖	友	42219	林拾			[n/a]
10703	吕本中	友	13924	张扩		如曾慥 朱翌 吕本中辈 皆一代胜流 切劘有素	如曾慥 朱翌 吕本中辈 皆一代胜流 切劘有素
10703	吕本中	友	38647	龚节亨		瀛州人 夬兄弟行 与吕本中善 论事每有卓见	瀛州人 夬兄弟行 与吕本中善 论事每有卓见
10703	吕本中	友	44896	夏侯旄		与吕本中为忘年交。	与吕本中为忘年交。
10706	王柏	友	10729	何钦			[n/a]
10706	王柏	友	21062	汪开之		字元思 金华人 王柏学友 有固穷集	字元思 金华人 王柏学友 有固穷集
10706	王柏	友	42219	林拾		东嘉人 因事贬婺 友王柏、王佖叔姪	东嘉人 因事贬婺 友王柏、王佖叔姪
10708	王相	友	10731	金履祥		出处：全元文，第25册 P335。	0
10729	何钦	友	0	未详		全元文第55册 page: 611	0
10729	何钦	友	10706	王柏			[n/a]
10729	何钦	友	37927	王珹			[n/a]
10743	饶鲁	友	38096	方輗	0		[n/a]
10749	叶适	友	10999	刘弥正	1209		[n/a]
10749	叶适	友	16649	胡卫			[n/a]
10749	叶适	友	16783	范仲艺	1209		[n/a]
10749	叶适	友	21153	林鼐	1209		[n/a]
10749	叶适	友	22412	吴竿		敭历中外 所至有声 所交叶适、陈亮 皆相器重	敭历中外 所至有声 所交叶适、陈亮 皆相器重
10749	叶适	友	24921	邓约礼		甚得民心 改温州教授 与叶适定交 调常德府推官卒 约礼笃于学行	甚得民心 改温州教授 与叶适定交 调常德府推官卒 约礼笃于学行
10749	叶适	友	25522	蔡镐	1209		[n/a]
10749	叶适	友	33354	刘愚	1209		[n/a]
10749	叶适	友	37824	王绰	0		[n/a]
10794	虞刚简	友	4001	魏了翁	1223		[n/a]
10794	虞刚简	友	10829	范仲黼	1223		[n/a]
10794	虞刚简	友	10831	李心传	1223		[n/a]
10813	欧阳逢泰	友	41234	邢天荣			[n/a]
10829	范仲黼	友	4001	魏了翁	1208		[n/a]
10829	范仲黼	友	10794	虞刚简	1208		[n/a]
10829	范仲黼	友	10831	李心传	1208		[n/a]
10830	李石	友	25731	程骧	1175		[n/a]
10830	李石	友	49234	涂勉仲		刚介有守 教授乡里 与李石交最善 石为成都学官 勉仲岁遣两子往从之	刚介有守 教授乡里 与李石交最善 石为成都学官 勉仲岁遣两子往从之
10830	李石	友	51043	赵樗年		其说破凡例传注 以尊圣人之经 与李石为文字友 家藏千卷书 自丹铅钩提	其说破凡例传注 以尊圣人之经 与李石为文字友 家藏千卷书 自丹铅钩提
10831	李心传	友	4001	魏了翁	1228		[n/a]
10831	李心传	友	10794	虞刚简	1228		[n/a]
10831	李心传	友	10829	范仲黼	1228		[n/a]
10884	陈俊卿	友	41764	吴大成			[n/a]
10999	刘弥正	友	10749	叶适	1213		[n/a]
11073	林亦之	友	20192	林询			[n/a]
11087	林希逸	友	49086	傅梦泉		与林希逸为友 有静观小稿	与林希逸为友 有静观小稿
11120	黄绩	友	3595	刘克庄	1255		[n/a]
11121	黄仲元	友	12926	林应承			[n/a]
11134	黄榦	友	21915	董铢	1211		[n/a]
11134	黄榦	友	49047	傅修	0		笃字傅公墓志铭 / 勉斋集
11146	叶棠	友	48396	游彬		工词赋 有声于时 叶棠、王迈皆与为友 端平二年特奏名 官真阳主簿	工词赋 有声于时 叶棠、王迈皆与为友 端平二年特奏名 官真阳主簿
11247	方惟深	友	7253	胡峄			[n/a]
11287	郑樵	友	11445	林霆		博学深象数，与郑樵为金石交。	博学深象数，与郑樵为金石交。
11391	王迈	友	11427	方审权	1244		[n/a]
11391	王迈	友	11427	方审权		每歎曰：吾耕读于此 足了一生矣 与刘克庄、王迈相友善 景定五年卒 八十五	每歎曰：吾耕读于此 足了一生矣 与刘克庄、王迈相友善 景定五年卒 八十五
11391	王迈	友	37919	方棐	0		[n/a]
11391	王迈	友	48396	游彬		工词赋 有声于时 叶棠、王迈皆与为友 端平二年特奏名 官真阳主簿	工词赋 有声于时 叶棠、王迈皆与为友 端平二年特奏名 官真阳主簿
11419	方翥	友	25903	方秉俟	1168		[n/a]
11419	方翥	友	47910	陈昭度		十馀年不调 自号西轩子 与林光朝、方翥友善 既而教授藤州 以致知谨独教学者	十馀年不调 自号西轩子 与林光朝、方翥友善 既而教授藤州 以致知谨独教学者
11427	方审权	友	3595	刘克庄	1239		[n/a]
11427	方审权	友	3595	刘克庄		每歎曰：吾耕读于此 足了一生矣 与刘克庄、王迈相友善 景定五年卒 八十五	每歎曰：吾耕读于此 足了一生矣 与刘克庄、王迈相友善 景定五年卒 八十五
11427	方审权	友	11391	王迈	1239		[n/a]
11427	方审权	友	11391	王迈		每歎曰：吾耕读于此 足了一生矣 与刘克庄、王迈相友善 景定五年卒 八十五	每歎曰：吾耕读于此 足了一生矣 与刘克庄、王迈相友善 景定五年卒 八十五
11445	林霆	友	11287	郑樵		博学深象数，与郑樵为金石交。	博学深象数，与郑樵为金石交。
11450	林栗	友	15022	陈士楚			[n/a]
11465	林虙	友	7253	胡峄			[n/a]
11623	汪宗颜	友	636	韩绦	1072		[n/a]
11623	汪宗颜	友	8043	范仲淹	1072		[n/a]
11645	苏嘉	友	3767	苏轼		改知杭州富阳县 究心民事 为苏轼所知 历太常博士 通判常州	改知杭州富阳县 究心民事 为苏轼所知 历太常博士 通判常州
11663	吕大临	友	11863	刘元振	1093		[n/a]
11666	张汝士	友	1384	欧阳修	1033		[n/a]
11666	张汝士	友	7104	尹洙	1033		[n/a]
11800	刘宰	友	7203	朱晞颜	1225		[n/a]
11800	刘宰	友	16713	诸葛填	1225		[n/a]
11811	刘韐	友	26260	祝祐	1126		[n/a]
11826	刘子羽	友	11904	朱松		吴玠未知名 子羽独奇之 朱松以子熹託子羽 子羽与弟子翬笃教之 卒为大儒	吴玠未知名 子羽独奇之 朱松以子熹託子羽 子羽与弟子翬笃教之 卒为大儒
11827	刘子翬	友	11904	朱松		讲学不倦 与胡宪、刘勉之为道义交 朱松死 以子熹为託 熹问入道次第	讲学不倦 与胡宪、刘勉之为道义交 朱松死 以子熹为託 熹问入道次第
11833	刘玶	友	3257	朱熹	1185		[n/a]
11863	刘元振	友	11663	吕大临	1091		[n/a]
11863	刘元振	友	11885	游酢		持身有礼 众敬之 国子先生吕大临、游酢皆与之友善 元丰中 士子方向文华	持身有礼 众敬之 国子先生吕大临、游酢皆与之友善 元丰中 士子方向文华
11864	刘勉之	友	11904	朱松		学者踵至 随材施教 朱松将卒 属以后事 且戒其子熹往受业	学者踵至 随材施教 朱松将卒 属以后事 且戒其子熹往受业
11885	游酢	友	2022	杨时	1112		[n/a]
11885	游酢	友	11863	刘元振		持身有礼 众敬之 国子先生吕大临、游酢皆与之友善 元丰中 士子方向文华	持身有礼 众敬之 国子先生吕大临、游酢皆与之友善 元丰中 士子方向文华
11891	张居	友	27733	方瑑		有南渡遗风 尝为学谕 与四明张居卿最厚善 淳祐四年卒 年六十一	有南渡遗风 尝为学谕 与四明张居卿最厚善 淳祐四年卒 年六十一
11904	朱松	友	11826	刘子羽		吴玠未知名 子羽独奇之 朱松以子熹託子羽 子羽与弟子翬笃教之 卒为大儒	吴玠未知名 子羽独奇之 朱松以子熹託子羽 子羽与弟子翬笃教之 卒为大儒
11904	朱松	友	11827	刘子翬		讲学不倦 与胡宪、刘勉之为道义交 朱松死 以子熹为託 熹问入道次第	讲学不倦 与胡宪、刘勉之为道义交 朱松死 以子熹为託 熹问入道次第
11904	朱松	友	11864	刘勉之		学者踵至 随材施教 朱松将卒 属以后事 且戒其子熹往受业	学者踵至 随材施教 朱松将卒 属以后事 且戒其子熹往受业
11904	朱松	友	15495	张敦颐	1143		[n/a]
11904	朱松	友	25345	胡珵	1143		[n/a]
11904	朱松	友	44246	俞靖			[n/a]
12047	王寀	友	38239	周纯		少为浮屠 弱冠游京师 王寀最与相亲 坐累编管惠州	少为浮屠 弱冠游京师 王寀最与相亲 坐累编管惠州
12354	张耒	友	7273	李处道	1113		[n/a]
12354	张耒	友	40844	杜舆			[n/a]
12431	张九成	友	42733	周焕卿			[n/a]
12431	张九成	友	43194	施德操			[n/a]
12775	曾会	友	53374	释定诸		居晋江 能诗 曾会与为方外友 有去华集	居晋江 能诗 曾会与为方外友 有去华集
12923	萧桂发	友	3595	刘克庄	1298		[n/a]
12926	林应承	友	11121	黄仲元			[n/a]
12989	潘兴嗣	友	1762	王安石	1065		[n/a]
12989	潘兴嗣	友	7364	曾巩	1065		[n/a]
13000	黄叔达	友	1229	刘师道	1100		[n/a]
13148	胡箕	友	7197	周必大	1181		[n/a]
13213	毛维瞻	友	375	赵抃	0	与赵抃同邑相得，为山林之乐。	与赵抃同邑相得，为山林之乐。
13213	毛维瞻	友	1493	苏辙	0	知筠州时，苏辙适谪其地，相与唱和。	知筠州时，苏辙适谪其地，相与唱和。
13239	刘清之	友	7055	吕祖谦	1173	Visits Lv Zuqian together with Lu JiulingVisits again 1074.1	Visits Lv Zuqian together with Lu JiulingVisits again 1074.1
13279	谢谔	友	42355	孟程			[n/a]
13378	郑獬	友	42323	吕逢时			[n/a]
13417	石公弼	友	13597	张克公	1121		[n/a]
13444	虞仲琳	友	16643	胡宗伋			[n/a]
13481	曾开	友	53326	释法清		尝居池之天宁寺 以伽梨蒙首而坐 侍郎曾开见而与语 及游径山 佛日请为首座	尝居池之天宁寺 以伽梨蒙首而坐 侍郎曾开见而与语 及游径山 佛日请为首座
13565	李昭玘	友	44852	晁公秉			[n/a]
13574	张伯孙	友	1762	王安石	1065		[n/a]
13591	王则	友	13592	张得一	1048		[n/a]
13612	张恕	友	1493	苏辙	1106		[n/a]
13612	张恕	友	3767	苏轼	1106		[n/a]
13612	张恕	友	7084	王巩	1106		[n/a]
13651	陈宋霖	友	3257	朱熹	1167		[n/a]
13734	张昭易	友	15029	高守成	1010		[n/a]
13773	张杰	友	3257	朱熹	1193		[n/a]
13773	张杰	友	7055	吕祖谦	1193		[n/a]
13773	张杰	友	7164	张栻	1193		[n/a]
13798	王直方	友	3767	苏轼	0		[n/a]
13798	王直方	友	7111	黄庭坚	0		[n/a]
13803	程敦厚	友	52274	穆深之		好议论性理 提刑冯时行 侍读程敦厚 皆其素交 李石使彭	好议论性理 提刑冯时行 侍读程敦厚 皆其素交 李石使彭
13893	冯时行	友	38188	于格	0		[n/a]
13893	冯时行	友	42235	吕及之			[n/a]
13893	冯时行	友	52274	穆深之		博学喜读书 好议论性理 提刑冯时行 侍读程敦厚 皆其素交	博学喜读书 好议论性理 提刑冯时行 侍读程敦厚 皆其素交
13895	范子该	友	3075	陈亮	1220		[n/a]
13895	范子该	友	3075	陈亮		子长弟 与兄同游张栻之门 与陈亮相友善	子长弟 与兄同游张栻之门 与陈亮相友善
13924	张扩	友	10703	吕本中		如曾慥 朱翌 吕本中辈 皆一代胜流 切劘有素	如曾慥 朱翌 吕本中辈 皆一代胜流 切劘有素
14074	章友直	友	44222	柳淇			[n/a]
14221	陈恬	友	3029	晁说之	1117		[n/a]
14299	李廌	友	15947	孔夷	0	与李廌为诗酒侣。	与李廌为诗酒侣。
14303	王献可	友	7111	黄庭坚	1100		[n/a]
14310	种放	友	18360	宋澥			[n/a]
14310	种放	友	24352	张无梦	1015		[n/a]
14374	陈之奇	友	3404	胡瑗		官中允 即乞归 与胡瑗、苏舜钦为友 时号吴下三贤	官中允 即乞归 与胡瑗、苏舜钦为友 时号吴下三贤
14374	陈之奇	友	7064	苏舜钦		官中允 即乞归 与胡瑗、苏舜钦为友 时号吴下三贤	官中允 即乞归 与胡瑗、苏舜钦为友 时号吴下三贤
14419	陈骥	友	8082	李邴	1130		[n/a]
14419	陈骥	友	14514	张读		仙游人 元符三年由中舍选第进士 与直讲张读、参政李邴友善 历宗学博士 性鲠特	仙游人 元符三年由中舍选第进士 与直讲张读、参政李邴友善 历宗学博士 性鲠特
14426	陈登	友	10598	王十朋	1187		[n/a]
14447	李訦	友	14451	傅伯成	1203		[n/a]
14447	李訦	友	14512	杨炳	1203		[n/a]
14451	傅伯成	友	14447	李訦	1202		[n/a]
14451	傅伯成	友	17073	高元之			[n/a]
14512	杨炳	友	14447	李訦	1205		[n/a]
14514	张读	友	8082	李邴	1127		[n/a]
14514	张读	友	14419	陈骥		仙游人 元符三年由中舍选第进士 与直讲张读、参政李邴友善 历宗学博士 性鲠特	仙游人 元符三年由中舍选第进士 与直讲张读、参政李邴友善 历宗学博士 性鲠特
14765	陈东	友	19206	冯汝舟	1127		[n/a]
14765	陈东	友	51164	潘祺		后果愈 游太学 与陈东为友 东欲陈时政 祺曰：奈亲老不能与子俱	后果愈 游太学 与陈东为友 东欲陈时政 祺曰：奈亲老不能与子俱
14967	詹体仁	友	7197	周必大	1206		[n/a]
15022	陈士楚	友	11450	林栗			[n/a]
15029	高守成	友	13734	张昭易	1010		[n/a]
15072	杨简	友	38422	王琦	0		[n/a]
15072	杨简	友	38422	王琦		乐平人 为学官 杨简称为直友	乐平人 为学官 杨简称为直友
15072	杨简	友	39752	沉文彪	0		[n/a]
15072	杨简	友	39752	沉文彪		鄞人 号清遐居士 杨简讲友 以奥学峻行 与简为忘年交	鄞人 号清遐居士 杨简讲友 以奥学峻行 与简为忘年交
15074	陈敏	友	1547	孙载	1104		[n/a]
15074	陈敏	友	3577	凌浩	1104		[n/a]
15074	陈敏	友	15075	袁默	1104		[n/a]
15075	袁默	友	1547	孙载	1093		[n/a]
15075	袁默	友	3577	凌浩	1093		[n/a]
15075	袁默	友	15074	陈敏	1093		[n/a]
15175	陈楫	友	1388	潘良贵	1130		[n/a]
15208	陈伯彊	友	7128	陈瓘	1106		[n/a]
15256	楼镛	友	15259	乔行简	1223		[n/a]
15259	乔行简	友	15256	楼镛	1241		[n/a]
15270	周孚	友	15271	陈珙	1177		[n/a]
15271	陈珙	友	15270	周孚	1211		[n/a]
15296	郑侠	友	42350	林子充			[n/a]
15296	郑侠	友	42436	林仲嘉			[n/a]
15296	郑侠	友	48404	游中孚		质直而好义 与人言无不践 而友于郑侠	质直而好义 与人言无不践 而友于郑侠
15439	程御	友	470	金君卿	1086		[n/a]
15439	程御	友	1400	彭汝砺	1086		[n/a]
15495	张敦颐	友	11904	朱松	1168		[n/a]
15501	马廷鸾	友	43276	洪橓			[n/a]
15598	俞康直	友	634	韩缜	1100		[n/a]
15703	侯可	友	38907	申颜	0		[n/a]
15878	闾丘孝终	友	3767	苏轼		未几挂冠归 与崇大年辈以耆德称 苏轼谪黄时与孝终友善 相推重 过吴尝饮酒赋诗其家	未几挂冠归 与崇大年辈以耆德称 苏轼谪黄时与孝终友善 相推重 过吴尝饮酒赋诗其家
15939	孔道辅	友	20268	刘涣	1039		[n/a]
15947	孔夷	友	14299	李廌	0	与李廌为诗酒侣。	与李廌为诗酒侣。
15991	陈宜中	友	15994	黄镛	1292		[n/a]
15991	陈宜中	友	15995	林则祖	1292		[n/a]
15994	黄镛	友	15991	陈宜中	1292		[n/a]
15994	黄镛	友	15995	林则祖	1292		[n/a]
15995	林则祖	友	15991	陈宜中	1292		[n/a]
15995	林则祖	友	15994	黄镛	1292		[n/a]
16033	吴华	友	7059	梅尧臣	1050		[n/a]
16048	杜俣	友	3767	苏轼		成都人 父沂 与苏轼友善 俣幼从轼游 家藏书画甚富	成都人 父沂 与苏轼友善 俣幼从轼游 家藏书画甚富
16054	巢谷	友	1493	苏辙	1087		[n/a]
16054	巢谷	友	3767	苏轼	1087		[n/a]
16153	蒋晓	友	10543	陈著	1277		[n/a]
16282	钱节	友	3043	秦观	1108		[n/a]
16570	周莘	友	8004	陈与义	1123		[n/a]
16643	胡宗伋	友	8079	李光			[n/a]
16643	胡宗伋	友	13444	虞仲琳			[n/a]
16649	胡卫	友	10749	叶适			[n/a]
16659	孙介	友	45001	厉德辅			[n/a]
16692	王炎	友	3257	朱熹	0	与朱熹交谊颇笃	与朱熹交谊颇笃
16713	诸葛填	友	11800	刘宰	1247		[n/a]
16783	范仲艺	友	3075	陈亮	1199		[n/a]
16783	范仲艺	友	10749	叶适	1199		[n/a]
16878	朱光庭	友	7026	范祖禹	1094		[n/a]
16903	胡缉	友	26631	范克信			[n/a]
17062	竺欣	友	10325	舒璘		邻里称善 遣其子大年从沉焕游 他日喜而语舒璘曰：诸子自得师 粗厉之习变而为儒雅 暴慢之气转而为温厚	邻里称善 遣其子大年从沉焕游 他日喜而语舒璘曰：诸子自得师 粗厉之习变而为儒雅 暴慢之气转而为温厚
17073	高元之	友	14451	傅伯成			[n/a]
17490	吕约	友	45370	孙贯			[n/a]
17491	吕浩	友	3075	陈亮			[n/a]
17517	俞汝尚	友	375	赵抃	1072		[n/a]
17527	吴儆	友	3257	朱熹	1183		[n/a]
17527	吴儆	友	7055	吕祖谦	1183		[n/a]
17527	吴儆	友	7164	张栻	1183		[n/a]
17574	刘禹锡	友	714	向子忞	1144		[n/a]
17732	张山甫	友	10223	张子厚		三子齐名 关中号三杰 与张子厚善 故武功因有子厚录野亭	三子齐名 关中号三杰 与张子厚善 故武功因有子厚录野亭
17921	吕和问	友	42034	罗靖			[n/a]
17921	吕和问	友	42037	罗竦			[n/a]
17921	吕和问	友	42043	滕恺		婺源人 幼颖悟好学 尹焞高弟吕和问客于婺 恺与为师友 登绍兴五年进士第	婺源人 幼颖悟好学 尹焞高弟吕和问客于婺 恺与为师友 登绍兴五年进士第
17927	芮煇	友	24787	倪称	1178		[n/a]
17935	石介	友	1384	欧阳修	1045		[n/a]
17987	郭良臣	友	7055	吕祖谦	1182		[n/a]
18027	乔拱	友	7055	吕祖谦	1173		[n/a]
18029	孙礿	友	49048	傅寅		29.312-13黄溍著<杏溪祠堂记>	29.312-13黄溍著<杏溪祠堂记>
18049	洪咨夔	友	4001	魏了翁			[n/a]
18170	桑世昌	友	33345	林师蒧	1202		[n/a]
18360	宋澥	友	14310	种放			[n/a]
18360	宋澥	友	21214	魏野			[n/a]
18360	宋澥	友	46755	张荷		寿光人 师事种放 与吴质、魏野、杨朴、宋澥为友 性高洁 为文奇涩	寿光人 师事种放 与吴质、魏野、杨朴、宋澥为友 性高洁 为文奇涩
18449	项安世	友	33354	刘愚	1205		[n/a]
18449	项安世	友	52491	韩彰		尝守夷陵 秩满过荆 谓项安世曰：彰幸甚得事颐正郭先生于夷陵 闻教多矣 安世质之	尝守夷陵 秩满过荆 谓项安世曰：彰幸甚得事颐正郭先生于夷陵 闻教多矣 安世质之
18519	谢杰	友	3624	楼钥		良佐后裔 官永嘉郡丞 与楼钥为忘年交 奉祠主管云台观卒	良佐后裔 官永嘉郡丞 与楼钥为忘年交 奉祠主管云台观卒
18588	徐谊	友	10585	陈傅良	1203		[n/a]
18684	戴溪	友	51443	邓林		淳熙五年登第 奉泰和主簿 尝与辛弃疾、周必大、陈傅良、戴溪、朱熹、吕祖谦等为友 凡三上书于朝 讥切朝政	淳熙五年登第 奉泰和主簿 尝与辛弃疾、周必大、陈傅良、戴溪、朱熹、吕祖谦等为友 凡三上书于朝 讥切朝政
18685	戴栩	友	7203	朱晞颜	0		[n/a]
18788	杨珏	友	45591	曹淇			[n/a]
18827	胡襄	友	3257	朱熹		以为赵鼎、胡寅之学 被锢十馀年 晚复交朱熹 由是体用浃洽 本末兼备	以为赵鼎、胡寅之学 被锢十馀年 晚复交朱熹 由是体用浃洽 本末兼备
18938	黄震	友	26801	吴自然	1280		[n/a]
18938	黄震	友	26804	唐震	1280		[n/a]
18938	黄震	友	52543	韩秋岩		秋岩与敬庵缟素负木主 道经抚州 时黄震为守 往迎之 亦制服设位于郡厅	秋岩与敬庵缟素负木主 道经抚州 时黄震为守 往迎之 亦制服设位于郡厅
19074	任孜	友	3762	苏洵	1076		[n/a]
19075	任伋	友	3762	苏洵	1077		[n/a]
19086	任象先	友	42373	林彖			[n/a]
19087	任申先	友	42373	林彖			[n/a]
19103	洪蘩	友	3624	楼钥			[n/a]
19123	文天祥	友	20742	牟子才		子才事亲孝 判吉州时 识文天祥于童子 即以远大相期 所荐士如李芾等	子才事亲孝 判吉州时 识文天祥于童子 即以远大相期 所荐士如李芾等
19123	文天祥	友	33517	黎立武		除太学录通判袁州 官至国子司业 与文天祥、谢枋得相友善 学者称所寄先生 宋亡不仕	除太学录通判袁州 官至国子司业 与文天祥、谢枋得相友善 学者称所寄先生 宋亡不仕
19123	文天祥	友	35363	王弈	1283		[n/a]
19123	文天祥	友	38549	王幼孙	0		[n/a]
19123	文天祥	友	46990	张千载		字毅甫 庐陵人 与文天祥友 天祥被执北行 千载寓天祥囚所近侧	字毅甫 庐陵人 与文天祥友 天祥被执北行 千载寓天祥囚所近侧
19123	文天祥	友	52602	薛魁祥		遂弃官居汀著书 尝辟连江宰不就 每与文天祥言及宋祚 辄欷歔流涕 其忠愤见于诗辞	遂弃官居汀著书 尝辟连江宰不就 每与文天祥言及宋祚 辄欷歔流涕 其忠愤见于诗辞
19151	李敏之	友	3102	程颢	1066		[n/a]
19164	李闳祖	友	3257	朱熹	1241		[n/a]
19206	冯汝舟	友	211	张浚	1130		[n/a]
19206	冯汝舟	友	14765	陈东	1130		[n/a]
19392	顾成忠	友	8113	史浩	1166		[n/a]
19410	赵汝楳	友	10367	袁洪	1256		[n/a]
19414	赵不?	友	19419	王衜	1180		[n/a]
19419	王衜	友	19414	赵不?	1167		[n/a]
19673	姜潜	友	19777	李縕			[n/a]
19777	李縕	友	19673	姜潜			[n/a]
19840	吕南公	友	21707	曾景初	1086		[n/a]
19865	李公麟	友	19868	李冲元	1106		[n/a]
19865	李公麟	友	19869	李亮工	1106		[n/a]
19868	李冲元	友	7111	黄庭坚	1118		[n/a]
19868	李冲元	友	10615	洪朋	1118		[n/a]
19868	李冲元	友	19865	李公麟	1118		[n/a]
19868	李冲元	友	19869	李亮工	1118		[n/a]
19869	李亮工	友	19865	李公麟	1118		[n/a]
19869	李亮工	友	19868	李冲元	1118		[n/a]
19871	王该	友	1762	王安石	0		[n/a]
20030	李谦昇	友	9001	赵匡胤	976		[n/a]
20043	吴思齐	友	20059	方凤		出处：全元文，第30册 P108。“以风节行义相高”	0
20043	吴思齐	友	20059	方凤		辄谢之曰：譬犹处子已嫁 不能更二夫也 与方凤、谢翱善 每登严陵山恸哭西台 学者争师事之	辄谢之曰：譬犹处子已嫁 不能更二夫也 与方凤、谢翱善 每登严陵山恸哭西台 学者争师事之
20043	吴思齐	友	20065	谢翱		出处：全元文，第30册 P108。“以风节行义相高”	0
20043	吴思齐	友	20065	谢翱		元元贞元年卒于杭 年四十七 其友方凤、吴思齐辈葬之钓台南 以文稿殉 翱自号晞髮子	元元贞元年卒于杭 年四十七 其友方凤、吴思齐辈葬之钓台南 以文稿殉 翱自号晞髮子
20043	吴思齐	友	28182	吴谦	1297		[n/a]
20192	林询	友	11073	林亦之			[n/a]
20268	刘涣	友	8043	范仲淹	1060		[n/a]
20268	刘涣	友	15939	孔道辅	1060		[n/a]
20421	刘格	友	49741	董隐子		言皆玩人 然狂而不悖 与高安刘格为友	言皆玩人 然狂而不悖 与高安刘格为友
20427	刘元高	友	27644	姚勉		一目十行 既长 与姚勉、胡仲云论天下事 辄慷慨激烈 时号高安三俊	一目十行 既长 与姚勉、胡仲云论天下事 辄慷慨激烈 时号高安三俊
20584	陆九龄	友	7055	吕祖谦	1180	visiting together1173.8.1173.101179.101180.4Lu Jiuling comes to visit	visiting together1173.8.1173.101179.101180.4Lu Jiuling comes to visit
20646	吕声之	友	10589	蔡幼学	1205		[n/a]
20646	吕声之	友	10589	蔡幼学		琰子 以能诗名 师陈傅良而友蔡幼学 同升太学 壁记题名	琰子 以能诗名 师陈傅良而友蔡幼学 同升太学 壁记题名
20697	马之纯	友	49048	傅寅		黄溍著<杏溪祠堂记>	黄溍著<杏溪祠堂记>
20742	牟子才	友	19123	文天祥		子才事亲孝 判吉州时 识文天祥于童子 即以远大相期 所荐士如李芾等	子才事亲孝 判吉州时 识文天祥于童子 即以远大相期 所荐士如李芾等
20765	欧阳守道	友	43436	胡敬之			[n/a]
20910	石?	友	3257	朱熹	1182		[n/a]
20963	林松孙	友	42974	陈鹏飞			[n/a]
20983	李潜	友	38789	田腴	0		[n/a]
21062	汪开之	友	10706	王柏		字元思 金华人 王柏学友 有固穷集	字元思 金华人 王柏学友 有固穷集
21097	石康伯	友	10173	文同		其家藏书画数百轴 编册曰石氏画苑 与文同善 元丰三年时 年六十一	其家藏书画数百轴 编册曰石氏画苑 与文同善 元丰三年时 年六十一
21137	杜谊	友	1651	蔡襄			[n/a]
21153	林鼐	友	10749	叶适	1182		[n/a]
21167	杜炤	友	3968	王雱	1094	据宋元学案补遗：杜炤少与王雱友，相得驩甚；自其父安石变法，尚新经，天下翕然归之，炤遂不复与雱接。	据宋元学案补遗：杜炤少与王雱友，相得驩甚；自其父安石变法，尚新经，天下翕然归之，炤遂不复与雱接。
21180	方岳	友	41850	余玠		野堂记(秋崖小稿38/6下)。	野堂记(秋崖小稿38/6下)。
21180	方岳	友	43454	胡见嵩		与方岳为友，岳与陈司业书云：「习庵方以斯道化辟雍，而权衡天下士。凡士之好修者，以不得出其门下为羞。」	与方岳为友，岳与陈司业书云：「习庵方以斯道化辟雍，而权衡天下士。凡士之好修者，以不得出其门下为羞。」
21180	方岳	友	43735	柯维翰		兴国人 乡贡进士 与方岳相友善 赢粮于数百里以从师问学为事 而志不克就	兴国人 乡贡进士 与方岳相友善 赢粮于数百里以从师问学为事 而志不克就
21214	魏野	友	808	薛田		河中河东人 少师种放 与魏野友善 以进士起家 累迁右谏议大夫	河中河东人 少师种放 与魏野友善 以进士起家 累迁右谏议大夫
21214	魏野	友	18360	宋澥			[n/a]
21214	魏野	友	46755	张荷		寿光人 师事种放 与吴质、魏野、杨朴、宋澥为友 性高洁 为文奇涩	寿光人 师事种放 与吴质、魏野、杨朴、宋澥为友 性高洁 为文奇涩
21239	苏坚	友	3767	苏轼	1094		[n/a]
21246	苏振文	友	4001	魏了翁	1233		[n/a]
21495	汤汉	友	10296	袁甫	1274		[n/a]
21569	滕强恕	友	37899	王梠	0		[n/a]
21595	田亘	友	38734	陈叔易			[n/a]
21595	田亘	友	38735	崔德符			[n/a]
21599	田昼	友	3888	邹浩	0		[n/a]
21619	丁宝臣	友	1384	欧阳修	1067		[n/a]
21707	曾景初	友	19840	吕南公	1074		[n/a]
21765	段万顷	友	3244	周行己			[n/a]
21790	段冲	友	10565	胡铨	1130		[n/a]
21791	段元恺	友	7197	周必大			[n/a]
21806	祖护	友	798	续觱	1165		[n/a]
21915	董铢	友	11134	黄榦	1214		[n/a]
21918	胡方平	友	40079	汪深			[n/a]
22106	闻人安道	友	375	赵抃		通判歙州 官至职方郎中知南康军 与赵抃、司马光、苏轼交善	通判歙州 官至职方郎中知南康军 与赵抃、司马光、苏轼交善
22106	闻人安道	友	1488	司马光		通判歙州 官至职方郎中知南康军 与赵抃、司马光、苏轼交善	通判歙州 官至职方郎中知南康军 与赵抃、司马光、苏轼交善
22106	闻人安道	友	3767	苏轼		通判歙州 官至职方郎中知南康军 与赵抃、司马光、苏轼交善	通判歙州 官至职方郎中知南康军 与赵抃、司马光、苏轼交善
22123	王陶	友	43474	姜愚			[n/a]
22273	韦襄	友	141	乔维岳			[n/a]
22273	韦襄	友	3031	戚同文(字)			[n/a]
22273	韦襄	友	3504	李虚己			[n/a]
22273	韦襄	友	42102	宗度			[n/a]
22273	韦襄	友	43544	万适			[n/a]
22273	韦襄	友	43545	张茂直			[n/a]
22278	石延年	友	38726	刘潜	0		[n/a]
22278	石延年	友	53551	释惟俨		学佛兼通儒 喜辞章 友石延年 为文数百篇	学佛兼通儒 喜辞章 友石延年 为文数百篇
22282	韦氏(赵构母)	友	27246	乔氏(赵佶妃)	1139		[n/a]
22369	吴澥	友	24847	李彦华	1193		[n/a]
22412	吴竿	友	3075	陈亮		敭历中外 所至有声 所交叶适、陈亮 皆相器重	敭历中外 所至有声 所交叶适、陈亮 皆相器重
22412	吴竿	友	10749	叶适		敭历中外 所至有声 所交叶适、陈亮 皆相器重	敭历中外 所至有声 所交叶适、陈亮 皆相器重
22601	杨谷	友	3727	史弥远	1228		[n/a]
22602	杨石	友	3727	史弥远	1230		[n/a]
22701	叶绍翁	友	10258	真德秀	1235		[n/a]
22701	叶绍翁	友	10258	真德秀		徙处州龙泉 其学出于叶适 尤与真德秀善 所著四朝闻见录 南渡以后诸野史足补史传之阙者	徙处州龙泉 其学出于叶适 尤与真德秀善 所著四朝闻见录 南渡以后诸野史足补史传之阙者
22725	颜慥	友	1651	蔡襄	1066		[n/a]
23388	黄文晟	友	3257	朱熹	1187		[n/a]
23388	黄文晟	友	3632	陆九渊	1187		[n/a]
23735	陈旦	友	3257	朱熹		字明仲 建阳人 与朱熹交 为侯官县令	字明仲 建阳人 与朱熹交 为侯官县令
23969	方畴	友	46708	张纡		后游张俊之门 及绍兴末 与方畴、张栻等又相会于永 栻感而记之	后游张俊之门 及绍兴末 与方畴、张栻等又相会于永 栻感而记之
24338	林暐	友	7128	陈瓘	1132		[n/a]
24352	张无梦	友	14310	种放	1065		[n/a]
24490	单子发	友	10451	慕容彦逢	1145		[n/a]
24787	倪称	友	17927	芮煇	1172		[n/a]
24847	李彦华	友	22369	吴澥	1171		[n/a]
24847	李彦华	友	24851	欧阳澈	1171		[n/a]
24851	欧阳澈	友	24847	李彦华	1127		[n/a]
24853	林大鼐	友	10612	林光朝			[n/a]
24893	杨琳	友	7111	黄庭坚		字君全 青神人 元符二年饯黄庭坚于中岩	字君全 青神人 元符二年饯黄庭坚于中岩
24921	邓约礼	友	10749	叶适		甚得民心 改温州教授 与叶适定交 调常德府推官卒 约礼笃于学行	甚得民心 改温州教授 与叶适定交 调常德府推官卒 约礼笃于学行
24937	何中	友	24942	李畋	1031		[n/a]
24937	何中	友	41821	戈渊			[n/a]
24942	李畋	友	24937	何中	1022		[n/a]
25035	王回	友	3888	邹浩	0		[n/a]
25053	梁惟简	友	25073	冯说	1103		[n/a]
25053	梁惟简	友	25074	杨偁	1103		[n/a]
25053	梁惟简	友	25075	曾焘	1103		[n/a]
25059	陈衍	友	25073	冯说	1103		[n/a]
25059	陈衍	友	25074	杨偁	1103		[n/a]
25059	陈衍	友	25075	曾焘	1103		[n/a]
25073	冯说	友	25053	梁惟简	1103		[n/a]
25073	冯说	友	25059	陈衍	1103		[n/a]
25074	杨偁	友	25053	梁惟简	1103		[n/a]
25074	杨偁	友	25059	陈衍	1103		[n/a]
25075	曾焘	友	25053	梁惟简	1103		[n/a]
25075	曾焘	友	25059	陈衍	1103		[n/a]
25127	罗从彦	友	25129	廖衙	1131		[n/a]
25129	廖衙	友	25127	罗从彦	1135		[n/a]
25174	崔与之	友	37899	王梠	0		[n/a]
25174	崔与之	友	52768	谭凯		不为纷华所动 年二十馀即不赴科举 崔与之与交 称其贤 广帅杨长孺以与之荐	不为纷华所动 年二十馀即不赴科举 崔与之与交 称其贤 广帅杨长孺以与之荐
25345	胡珵	友	11904	朱松	1151		[n/a]
25347	周P	友	25348	丁世元	1042		[n/a]
25348	丁世元	友	25347	周P	1032		[n/a]
25412	赵士褭	友	3134	张俊	1143		[n/a]
25522	蔡镐	友	10749	叶适	1191		[n/a]
25575	谭季壬	友	3640	陆游	1205		[n/a]
25604	陆彦昭	友	1238	刘岑	1151		[n/a]
25610	王琳	友	3640	陆游	1217		[n/a]
25635	赵彦端	友	669	韩元吉	1175		[n/a]
25731	程骧	友	10830	李石	1194		[n/a]
25860	林岊	友	4001	魏了翁			[n/a]
25903	方秉俟	友	10612	林光朝	1206		[n/a]
25903	方秉俟	友	11419	方翥	1206		[n/a]
25984	赵不敏	友	122302	苏盼奴			[n/a]
26022	柴中行	友	46635	张宏		从柴元裕学 明经饰行 少与柴中行为友 及禁伊洛之学 宏归隐	从柴元裕学 明经饰行 少与柴中行为友 及禁伊洛之学 宏归隐
26140	赵焯	友	7055	吕祖谦	1183		[n/a]
26260	祝祐	友	11811	刘韐	1127		[n/a]
26618	王烜	友	40722	李天才			[n/a]
26631	范克信	友	16903	胡缉			[n/a]
26745	蒋如晦	友	10289	袁燮	1212		[n/a]
26801	吴自然	友	18938	黄震	1272		[n/a]
26801	吴自然	友	26804	唐震	1272		[n/a]
26804	唐震	友	18938	黄震	1275		[n/a]
26804	唐震	友	26801	吴自然	1275		[n/a]
26882	葛敏修	友	3767	苏轼	1118		[n/a]
26882	葛敏修	友	7111	黄庭坚	1118		[n/a]
27148	游复	友	2022	杨时	1133		[n/a]
27246	乔氏(赵佶妃)	友	22282	韦氏(赵构母)	1140		[n/a]
27361	徐木	友	3075	陈亮	1196		[n/a]
27361	徐木	友	3257	朱熹	1196		[n/a]
27385	魏掞之	友	3257	朱熹	1173		[n/a]
27391	员安舆	友	3762	苏洵			[n/a]
27391	员安舆	友	10173	文同			[n/a]
27644	姚勉	友	20427	刘元高		一目十行 既长 与姚勉、胡仲云论天下事 辄慷慨激烈 时号高安三俊	一目十行 既长 与姚勉、胡仲云论天下事 辄慷慨激烈 时号高安三俊
27710	杨冠卿	友	37641	王彦和		年八十馀 贫且病 杨冠卿为作疏丐于朋从 以济其艰	年八十馀 贫且病 杨冠卿为作疏丐于朋从 以济其艰
27723	游九言	友	7203	朱晞颜	0		[n/a]
27733	方瑑	友	11891	张居		有南渡遗风 尝为学谕 与四明张居卿最厚善 淳祐四年卒 年六十一	有南渡遗风 尝为学谕 与四明张居卿最厚善 淳祐四年卒 年六十一
27733	方瑑	友	37998	张畤	0		[n/a]
27773	高登	友	48572	黄京		龙溪人 初在郡学 与高登友善 绍兴二年同擢第 调连州户曹	龙溪人 初在郡学 与高登友善 绍兴二年同擢第 调连州户曹
27801	谢枋得	友	35363	王弈	1285		[n/a]
27801	谢枋得	友	42773	周震一			[n/a]
27826	何梦桂	友	41923	吴攀龙			[n/a]
27928	刘黼	友	1817	王岘	1101		[n/a]
28448	贡祖文	友	8175	岳飞	1139		[n/a]
29559	张世南	友	41573	吴錡		鄱阳张世南与定交，仅百日而卒。世南悲悼之，录其一诗。	鄱阳张世南与定交，仅百日而卒。世南悲悼之，录其一诗。
29583	陈世崇	友	48703	黄力叙		号梅堂 江西人 与陈世崇友善 有赠陈世崇归江西诗	号梅堂 江西人 与陈世崇友善 有赠陈世崇归江西诗
29583	陈世崇	友	48849	黄鹏飞		莆田人 宋末时 与陈世崇友善	莆田人 宋末时 与陈世崇友善
29608	姜夔	友	48990	单炜		字炳文 好古博雅 与姜夔为友 善画 喜写竹	字炳文 好古博雅 与姜夔为友 善画 喜写竹
29845	林逋	友	53689	释智圆		徐氏子 居孤山玛瑙院 与林逋为邻友 乾兴元年二月卒 年四十七	徐氏子 居孤山玛瑙院 与林逋为邻友 乾兴元年二月卒 年四十七
30229	高怿	友	44359	张尧			[n/a]
30229	高怿	友	44361	许勃			[n/a]
30306	何藗	友	42143	张图南			[n/a]
30359	辛弃疾	友	3257	朱熹	1199		[n/a]
30359	辛弃疾	友	51443	邓林		淳熙五年登第 奉泰和主簿 尝与辛弃疾、周必大、陈傅良、戴溪、朱熹、吕祖谦等为友 凡三上书于朝 讥切朝政	淳熙五年登第 奉泰和主簿 尝与辛弃疾、周必大、陈傅良、戴溪、朱熹、吕祖谦等为友 凡三上书于朝 讥切朝政
30727	释惠洪	友	44423	柳瑾			[n/a]
33233	释居简	友	53233	释如湛		爱堂其号 与释居简相善 尝住黄蘖十二祖大道场 嘉定间住行在之大雄寺	爱堂其号 与释居简相善 尝住黄蘖十二祖大道场 嘉定间住行在之大雄寺
33345	林师蒧	友	3951	王厚之	1206		[n/a]
33345	林师蒧	友	18170	桑世昌	1206		[n/a]
33354	刘愚	友	10749	叶适	1192		[n/a]
33354	刘愚	友	18449	项安世	1192		[n/a]
33480	郭忠恕	友	45879	王士元		士元尤精其艺 好读书为儒者言 与国子博士郭忠恕为画友 人物师周昉 山水师关仝	士元尤精其艺 好读书为儒者言 与国子博士郭忠恕为画友 人物师周昉 山水师关仝
33596	刘应时	友	3640	陆游	1189		[n/a]
33596	刘应时	友	10566	杨万里	1189		[n/a]
34068	王颐	友	7055	吕祖谦	1174	Does muzhiming for father Wang Tian	Does muzhiming for father Wang Tian
34891	释道潜	友	3043	秦观		能文章 尤喜为诗 与苏轼、秦观深相契 轼称其诗无一点蔬笋气 轼在黄州时	能文章 尤喜为诗 与苏轼、秦观深相契 轼称其诗无一点蔬笋气 轼在黄州时
35006	左纬	友	3244	周行己	1124		[n/a]
35006	左纬	友	8061	许景衡	1124		[n/a]
35225	龚潗	友	42616	周方叔			[n/a]
37641	王彦和	友	27710	杨冠卿		年八十馀 贫且病 杨冠卿为作疏丐于朋从 以济其艰	年八十馀 贫且病 杨冠卿为作疏丐于朋从 以济其艰
37757	丁尧	友	10049	蔡元定	0		[n/a]
37774	丁中	友	10084	吴澄	0		[n/a]
37774	丁中	友	25776	徐鹿卿	0		[n/a]
37783	丁锬	友	3632	陆九渊	0		[n/a]
37814	丁石	友	27757	戴复古	0		[n/a]
37824	王绰	友	10749	叶适	0		[n/a]
37899	王梠	友	3624	楼钥	0		[n/a]
37899	王梠	友	21569	滕强恕	0		[n/a]
37899	王梠	友	25174	崔与之	0		[n/a]
37927	王珹	友	0	未详		全元文第55册 page: 611	0
37927	王珹	友	10729	何钦			[n/a]
37998	张畤	友	27733	方瑑	0		[n/a]
38092	王格	友	38097	陈轩	0		[n/a]
38092	王格	友	47469	陈轩		长汀人 家贫授徒 与陈轩厚 元丰间 轩来守郡	长汀人 家贫授徒 与陈轩厚 元丰间 轩来守郡
38096	方輗	友	10743	饶鲁	0		[n/a]
38097	陈轩	友	38092	王格	0		[n/a]
38109	丘渐	友	40774	杜范		及范柄国，多所赞画，欲援之仕，则不应。	及范柄国，多所赞画，欲援之仕，则不应。
38113	王华甫	友	38557	王复	0		[n/a]
38152	王必成	友	3595	刘克庄	0		[n/a]
38188	于格	友	13893	冯时行	0		[n/a]
38239	周纯	友	12047	王寀		少为浮屠 弱冠游京师 王寀最与相亲 坐累编管惠州	少为浮屠 弱冠游京师 王寀最与相亲 坐累编管惠州
38296	王公辅	友	405	折彦质	0		[n/a]
38365	王立之	友	3081	陈师道	0		[n/a]
38422	王琦	友	15072	杨简	0		[n/a]
38422	王琦	友	15072	杨简		乐平人 为学官 杨简称为直友	乐平人 为学官 杨简称为直友
38477	文道南	友	2040	姚铉	0		[n/a]
38557	王复	友	38113	王华甫	0		[n/a]
38647	龚节亨	友	10703	吕本中		瀛州人 夬兄弟行 与吕本中善 论事每有卓见	瀛州人 夬兄弟行 与吕本中善 论事每有卓见
38734	陈叔易	友	21595	田亘			[n/a]
38735	崔德符	友	21595	田亘			[n/a]
38789	田腴	友	20983	李潜	0		[n/a]
38907	申颜	友	15703	侯可	0		[n/a]
39042	税与权	友	39041	史子翬	0		[n/a]
39075	饶竦	友	1762	王安石	0		[n/a]
39143	白子仪	友	3279	范镇	0	与范镇友善，东斋纪事多引其说。	与范镇友善，东斋纪事多引其说。
39282	丘义	友	3257	朱熹	0		[n/a]
39304	江嗣	友	3257	朱熹	0		[n/a]
39381	朱冲	友	1649	蔡京		设药市于平江 因以致富 蔡京自钱塘过吴 因交之 携以归	设药市于平江 因以致富 蔡京自钱塘过吴 因交之 携以归
39653	伍维寅	友	10296	袁甫	0		[n/a]
39752	沉文彪	友	15072	杨简	0		[n/a]
39752	沉文彪	友	15072	杨简		鄞人 号清遐居士 杨简讲友 以奥学峻行 与简为忘年交	鄞人 号清遐居士 杨简讲友 以奥学峻行 与简为忘年交
39755	沉可亨	友	39757	车若水	0		[n/a]
39757	车若水	友	39755	沉可亨	0		[n/a]
39757	车若水	友	43040	胡常			[n/a]
39757	车若水	友	45591	曹淇			[n/a]
39998	汪绍	友	1313	吕广问			[n/a]
40022	沉凭	友	8098	陆佃			[n/a]
40077	尹穀	友	41234	邢天荣			[n/a]
40079	汪深	友	21918	胡方平			[n/a]
40134	求仲弓	友	1762	王安石		与王安石为文字交	与王安石为文字交
40159	顾逄	友	43913	高常			[n/a]
40208	宋去非	友	7055	吕祖谦			[n/a]
40304	李中	友	901	孔平仲			[n/a]
40304	李中	友	3438	孔武仲			[n/a]
40304	李中	友	3439	孔文仲			[n/a]
40304	李中	友	7364	曾巩			[n/a]
40401	释赞元	友	1762	王安石			[n/a]
40401	释赞元	友	7076	王安国			[n/a]
40455	杜梦冠	友	40457	李景平			[n/a]
40455	杜梦冠	友	40460	杨献子			[n/a]
40455	杜梦冠	友	40462	黄义甫			[n/a]
40457	李景平	友	40455	杜梦冠			[n/a]
40460	杨献子	友	40455	杜梦冠			[n/a]
40462	黄义甫	友	40455	杜梦冠			[n/a]
40506	杜渐	友	3967	王令			[n/a]
40722	李天才	友	26618	王烜			[n/a]
40736	李天与	友	42436	林仲嘉			[n/a]
40774	杜范	友	38109	丘渐		及范柄国，多所赞画，欲援之仕，则不应。	及范柄国，多所赞画，欲援之仕，则不应。
40774	杜范	友	51316	郑大惠		黄岩人 能诗文 与杜范相友善 所著有饭牛集	黄岩人 能诗文 与杜范相友善 所著有饭牛集
40844	杜舆	友	12354	张耒			[n/a]
40893	李才甫	友	7111	黄庭坚			[n/a]
40910	杜骧	友	8051	韩维			[n/a]
40916	李芾	友	41680	吴雄飞			[n/a]
40922	李公佐	友	1384	欧阳修		李秀才东园亭记(欧阳文忠公集63/7下)	李秀才东园亭记(欧阳文忠公集63/7下)
41190	李彦先	友	41204	赵立		李彦先与赵立为兄弟交。	李彦先与赵立为兄弟交。
41204	赵立	友	41190	李彦先		李彦先与赵立为兄弟交。	李彦先与赵立为兄弟交。
41234	邢天荣	友	10813	欧阳逢泰			[n/a]
41234	邢天荣	友	40077	尹穀			[n/a]
41234	邢天荣	友	41237	董景舒			[n/a]
41237	董景舒	友	41234	邢天荣			[n/a]
41342	李道甫	友	3484	李之仪			[n/a]
41409	吴与	友	272	张商英		故人张天觉当国，或讽之使见。与曰：「平生与天觉语皆忠义，反呈身于进乎？」卒不往。	故人张天觉当国，或讽之使见。与曰：「平生与天觉语皆忠义，反呈身于进乎？」卒不往。
41428	吴圭	友	41430	程绩			[n/a]
41436	吴潜	友	44717	秦九韶			[n/a]
41436	吴潜	友	52454	鞠岩		师事包扬 为陆九渊之学 与吴潜相友善 及潜当国 始得举	师事包扬 为陆九渊之学 与吴潜相友善 及潜当国 始得举
41501	杨子嘉	友	10289	袁燮			[n/a]
41507	吴范	友	3081	陈师道		范登其门 复因辙而见轼 遂交陈师道 又见知于杨杰 故得与于元祐文献之传	范登其门 复因辙而见轼 遂交陈师道 又见知于杨杰 故得与于元祐文献之传
41573	吴錡	友	29559	张世南		鄱阳张世南与定交，仅百日而卒。世南悲悼之，录其一诗。	鄱阳张世南与定交，仅百日而卒。世南悲悼之，录其一诗。
41609	吴楫	友	3257	朱熹			[n/a]
41609	吴楫	友	3552	李郁			[n/a]
41680	吴雄飞	友	40916	李芾			[n/a]
41689	吴士亨	友	41775	傅子云			[n/a]
41726	吴执中	友	3718	邵雍			[n/a]
41764	吴大成	友	10884	陈俊卿			[n/a]
41764	吴大成	友	42522	林用中			[n/a]
41775	傅子云	友	41689	吴士亨			[n/a]
41821	戈渊	友	24937	何中			[n/a]
41867	吕存中	友	10189	龚颐正			[n/a]
41917	余复	友	42251	林伟			[n/a]
41923	吴攀龙	友	3294	方逢辰			[n/a]
41923	吴攀龙	友	27826	何梦桂			[n/a]
42034	罗靖	友	1313	吕广问			[n/a]
42034	罗靖	友	17921	吕和问			[n/a]
42037	罗竦	友	1313	吕广问			[n/a]
42037	罗竦	友	17921	吕和问			[n/a]
42043	滕恺	友	4125	尹焞		婺源人 幼颖悟好学 尹焞高弟吕和问客于婺 恺与为师友 登绍兴五年进士第	婺源人 幼颖悟好学 尹焞高弟吕和问客于婺 恺与为师友 登绍兴五年进士第
42043	滕恺	友	17921	吕和问		婺源人 幼颖悟好学 尹焞高弟吕和问客于婺 恺与为师友 登绍兴五年进士第	婺源人 幼颖悟好学 尹焞高弟吕和问客于婺 恺与为师友 登绍兴五年进士第
42061	何宏中	友	10074	元好问			[n/a]
42102	宗度	友	22273	韦襄			[n/a]
42143	张图南	友	30306	何藗			[n/a]
42219	林拾	友	3322	韩境			[n/a]
42219	林拾	友	10700	王佖			[n/a]
42219	林拾	友	10706	王柏		东嘉人 因事贬婺 友王柏、王佖叔姪	东嘉人 因事贬婺 友王柏、王佖叔姪
42234	何敏中	友	1360	梅执礼			[n/a]
42235	吕及之	友	13893	冯时行			[n/a]
42251	林伟	友	41917	余复			[n/a]
42251	林伟	友	42255	高颐			[n/a]
42255	高颐	友	42251	林伟			[n/a]
42323	吕逢时	友	13378	郑獬			[n/a]
42350	林子充	友	3970	王伯起			[n/a]
42350	林子充	友	15296	郑侠			[n/a]
42350	林子充	友	42436	林仲嘉			[n/a]
42355	孟程	友	13279	谢谔			[n/a]
42373	林彖	友	19086	任象先			[n/a]
42373	林彖	友	19087	任申先			[n/a]
42436	林仲嘉	友	15296	郑侠			[n/a]
42436	林仲嘉	友	40736	李天与			[n/a]
42436	林仲嘉	友	42350	林子充			[n/a]
42436	林仲嘉	友	42449	林图南			[n/a]
42436	林仲嘉	友	42450	王圣时			[n/a]
42449	林图南	友	42436	林仲嘉			[n/a]
42450	王圣时	友	42436	林仲嘉			[n/a]
42518	胡天放	友	25229	林景熙			[n/a]
42522	林用中	友	41764	吴大成			[n/a]
42605	周文敏	友	504	周敦颐			[n/a]
42607	周圻	友	375	赵抃			[n/a]
42610	周抃	友	42630	江仲嘉			[n/a]
42616	周方叔	友	35225	龚潗			[n/a]
42630	江仲嘉	友	7007	程俱			[n/a]
42630	江仲嘉	友	42610	周抃			[n/a]
42733	周焕卿	友	12431	张九成			[n/a]
42773	周震一	友	27801	谢枋得			[n/a]
42968	洪撙	友	3257	朱熹			[n/a]
42974	陈鹏飞	友	20963	林松孙			[n/a]
43013	鲍俊德	友	3624	楼钥		俊德少笃学 几忘寒飢 与楼钥友善 淳熙十年卒 年五十六	俊德少笃学 几忘寒飢 与楼钥友善 淳熙十年卒 年五十六
43020	谢雩	友	3624	楼钥		雩讲学务出于正 早受知于舅氏张阐 又与楼钥相交好 著有正字韵类五卷 陈傅良为之序	雩讲学务出于正 早受知于舅氏张阐 又与楼钥相交好 著有正字韵类五卷 陈傅良为之序
43033	孙立节	友	7364	曾巩			[n/a]
43040	胡常	友	39757	车若水			[n/a]
43063	汤烈	友	7055	吕祖谦			[n/a]
43090	张汝砺	友	3624	楼钥			[n/a]
43107	周颖	友	375	赵抃			[n/a]
43194	施德操	友	12431	张九成			[n/a]
43194	施德操	友	43364	杨璿			[n/a]
43257	林师仲	友	7111	黄庭坚			[n/a]
43276	洪橓	友	15501	马廷鸾			[n/a]
43318	胡景裕	友	8043	范仲淹		旧与高平范公之父相识京邑，范避地至潭，行装垂罄，景裕亦困居，乃以千钱为赠，曰某虽贫，里中有所贷，公今流落途穷，少助行色。范谢其意而却之。	旧与高平范公之父相识京邑，范避地至潭，行装垂罄，景裕亦困居，乃以千钱为赠，曰某虽贫，里中有所贷，公今流落途穷，少助行色。范谢其意而却之。
43364	杨璿	友	43194	施德操			[n/a]
43436	胡敬之	友	20765	欧阳守道			[n/a]
43454	胡见嵩	友	21180	方岳		与方岳为友，岳与陈司业书云：「习庵方以斯道化辟雍，而权衡天下士。凡士之好修者，以不得出其门下为羞。」	与方岳为友，岳与陈司业书云：「习庵方以斯道化辟雍，而权衡天下士。凡士之好修者，以不得出其门下为羞。」
43474	姜愚	友	22123	王陶			[n/a]
43527	林得遇	友	43538	陈沂			[n/a]
43538	陈沂	友	43527	林得遇			[n/a]
43538	陈沂	友	52410	谢升贤		号恕斋 仙游人 与陈沂为友 端平二年进士 为沧光尉	号恕斋 仙游人 与陈沂为友 端平二年进士 为沧光尉
43544	万适	友	22273	韦襄			[n/a]
43545	张茂直	友	22273	韦襄			[n/a]
43588	范念德	友	3257	朱熹			[n/a]
43735	柯维翰	友	21180	方岳		兴国人 乡贡进士 与方岳相友善 赢粮于数百里以从师问学为事 而志不克就	兴国人 乡贡进士 与方岳相友善 赢粮于数百里以从师问学为事 而志不克就
43894	侯晋升	友	1493	苏辙			[n/a]
43894	侯晋升	友	3767	苏轼			[n/a]
43913	高常	友	40159	顾逄			[n/a]
43913	高常	友	43923	汤仲友			[n/a]
43913	高常	友	43927	陈泷			[n/a]
43949	高荷	友	7111	黄庭坚		《跋高子勉诗》(《黄豫章集》26/16)。	《跋高子勉诗》(《黄豫章集》26/16)。
44012	段希元	友	628	富弼			[n/a]
44017	范中立	友	3640	陆游			[n/a]
44044	高绅	友	12236	徐铉			[n/a]
44222	柳淇	友	1717	祖无择			[n/a]
44222	柳淇	友	14074	章友直			[n/a]
44246	俞靖	友	11904	朱松			[n/a]
44337	祝士表	友	10258	真德秀			[n/a]
44338	秦纲	友	3595	刘克庄		有胆略 所为诗文多悲壮慷慨 与刘克庄善 克庄荐之于方信儒 与俱使北	有胆略 所为诗文多悲壮慷慨 与刘克庄善 克庄荐之于方信儒 与俱使北
44354	姚汝贤	友	15188	林大中			姚唐佐墓志铭
44354	姚汝贤	友	27361	徐木			姚唐佐墓志铭
44354	姚汝贤	友	43052	徐总			姚唐佐墓志铭
44354	姚汝贤	友	47840	陈志同			姚唐佐墓志铭
44354	姚汝贤	友	385588	林大任			姚唐佐墓志铭
44354	姚汝贤	友	385589	楼城			姚唐佐墓志铭
44354	姚汝贤	友	385590	夏师尹			姚唐佐墓志铭
44359	张尧	友	30229	高怿			[n/a]
44359	张尧	友	44361	许勃			[n/a]
44361	许勃	友	30229	高怿			[n/a]
44361	许勃	友	44359	张尧			[n/a]
44397	马大同	友	3257	朱熹			[n/a]
44423	柳瑾	友	30727	释惠洪			[n/a]
44515	郎翥	友	3075	陈亮		郎翥遣子景明从陈亮游。	郎翥遣子景明从陈亮游。
44551	柳师圣(字)	友	902	孔延之			[n/a]
44627	姚嗣宗	友	46602	张元		华州人 与吴昊、姚嗣宗皆负气倜傥 有纵横才 欲共谒韩范	华州人 与吴昊、姚嗣宗皆负气倜傥 有纵横才 欲共谒韩范
44632	孙皜	友	10598	王十朋		开封人 南渡后家于会稽 与王十朋善 绍兴十五年卒 年三十二	开封人 南渡后家于会稽 与王十朋善 绍兴十五年卒 年三十二
44692	夏僎	友	46086	周升		龙游人 举进士第 与夏僎、缪景仁为友 皆以明经教授 时号三俊	龙游人 举进士第 与夏僎、缪景仁为友 皆以明经教授 时号三俊
44714	胡仔	友	44728	释了宗			[n/a]
44717	秦九韶	友	41436	吴潜			[n/a]
44728	释了宗	友	44714	胡仔			[n/a]
44747	凌坚	友	3075	陈亮		率母训 以学行自见 陈亮患难中 坚每为之奔走	率母训 以学行自见 陈亮患难中 坚每为之奔走
44852	晁公秉	友	13565	李昭玘			[n/a]
44896	夏侯旄	友	10703	吕本中		与吕本中为忘年交。	与吕本中为忘年交。
44956	孙鼛	友	1649	蔡京			[n/a]
45001	厉德辅	友	16659	孙介			[n/a]
45163	孙邦仁	友	3257	朱熹			[n/a]
45210	章君庭	友	7111	黄庭坚			[n/a]
45281	孙惟信	友	3595	刘克庄			[n/a]
45370	孙贯	友	17490	吕约			[n/a]
45370	孙贯	友	29868	徐硕			[n/a]
45370	孙贯	友	37834	方坦			[n/a]
45370	孙贯	友	45374	周扩			[n/a]
45370	孙贯	友	45377	卢任			[n/a]
45374	周扩	友	45370	孙贯			[n/a]
45377	卢任	友	45370	孙贯			[n/a]
45591	曹淇	友	18788	杨珏			[n/a]
45591	曹淇	友	39757	车若水			[n/a]
45591	曹淇	友	45592	陈天瑞			[n/a]
45592	陈天瑞	友	45591	曹淇			[n/a]
45619	释梵隆	友	45620	曹申甫			[n/a]
45620	曹申甫	友	45619	释梵隆			[n/a]
45671	曹晋伯	友	10258	真德秀			[n/a]
45879	王士元	友	33480	郭忠恕		士元尤精其艺 好读书为儒者言 与国子博士郭忠恕为画友 人物师周昉 山水师关仝	士元尤精其艺 好读书为儒者言 与国子博士郭忠恕为画友 人物师周昉 山水师关仝
46086	周升	友	44692	夏僎		龙游人 举进士第 与夏僎、缪景仁为友 皆以明经教授 时号三俊	龙游人 举进士第 与夏僎、缪景仁为友 皆以明经教授 时号三俊
46127	翁定	友	3595	刘克庄		建安人 工律诗 与刘克庄友 尤为真德秀所知 晚为洛学	建安人 工律诗 与刘克庄友 尤为真德秀所知 晚为洛学
46220	徐逸	友	3257	朱熹		自称汝阳被褐公 天台人 少与朱熹为友	自称汝阳被褐公 天台人 少与朱熹为友
46254	徐徽	友	7072	曾肇		抗疏致仕 自号独山居士 与曾肇为文字交 尝采集唐宋两朝文为一编示肇 肇裒集之	抗疏致仕 自号独山居士 与曾肇为文字交 尝采集唐宋两朝文为一编示肇 肇裒集之
46262	徐大正	友	3767	苏轼		元祐中赴省试 过钓台题诗 苏轼见之 遂与定交 尝筑室北山下	元祐中赴省试 过钓台题诗 苏轼见之 遂与定交 尝筑室北山下
46271	徐元聘	友	3257	朱熹		号芸斋 朱熹友人 有田舍一区 旁治轩窗	号芸斋 朱熹友人 有田舍一区 旁治轩窗
46314	徐问真	友	1384	欧阳修		潍州人 有道术 与欧阳修善 一日求去甚力 修留之不可	潍州人 有道术 与欧阳修善 一日求去甚力 修留之不可
46491	郭杞	友	3624	楼钥		为人刚峭 家无馀赀 与当时名士楼钥、黄仁杰相友善 尤为杨万里所知	为人刚峭 家无馀赀 与当时名士楼钥、黄仁杰相友善 尤为杨万里所知
46602	张元	友	44627	姚嗣宗		华州人 与吴昊、姚嗣宗皆负气倜傥 有纵横才 欲共谒韩范	华州人 与吴昊、姚嗣宗皆负气倜傥 有纵横才 欲共谒韩范
46635	张宏	友	26022	柴中行		从柴元裕学 明经饰行 少与柴中行为友 及禁伊洛之学 宏归隐	从柴元裕学 明经饰行 少与柴中行为友 及禁伊洛之学 宏归隐
46708	张纡	友	23969	方畴		后游张俊之门 及绍兴末 与方畴、张栻等又相会于永 栻感而记之	后游张俊之门 及绍兴末 与方畴、张栻等又相会于永 栻感而记之
46755	张荷	友	18360	宋澥		寿光人 师事种放 与吴质、魏野、杨朴、宋澥为友 性高洁 为文奇涩	寿光人 师事种放 与吴质、魏野、杨朴、宋澥为友 性高洁 为文奇涩
46755	张荷	友	21214	魏野		寿光人 师事种放 与吴质、魏野、杨朴、宋澥为友 性高洁 为文奇涩	寿光人 师事种放 与吴质、魏野、杨朴、宋澥为友 性高洁 为文奇涩
46755	张荷	友	49342	杨朴		寿光人 师事种放 与吴质、魏野、杨朴、宋澥为友 性高洁 为文奇涩	寿光人 师事种放 与吴质、魏野、杨朴、宋澥为友 性高洁 为文奇涩
46990	张千载	友	19123	文天祥		字毅甫 庐陵人 与文天祥友 天祥被执北行 千载寓天祥囚所近侧	字毅甫 庐陵人 与文天祥友 天祥被执北行 千载寓天祥囚所近侧
47130	张伯常	友	10296	袁甫		龙泉人 学于袁爕 与袁甫为友 甫称其学醇行方 气充识明	龙泉人 学于袁爕 与袁甫为友 甫称其学醇行方 气充识明
47469	陈轩	友	38092	王格		长汀人 家贫授徒 与陈轩厚 元丰间 轩来守郡	长汀人 家贫授徒 与陈轩厚 元丰间 轩来守郡
47707	陈大卞	友	333	章惇		治平四年进士 为威武军佥判、知江宁县 与章惇有旧 惇当国 屡招不往	治平四年进士 为威武军佥判、知江宁县 与章惇有旧 惇当国 屡招不往
47910	陈昭度	友	10612	林光朝		十馀年不调 自号西轩子 与林光朝、方翥友善 既而教授藤州 以致知谨独教学者	十馀年不调 自号西轩子 与林光朝、方翥友善 既而教授藤州 以致知谨独教学者
47910	陈昭度	友	11419	方翥		十馀年不调 自号西轩子 与林光朝、方翥友善 既而教授藤州 以致知谨独教学者	十馀年不调 自号西轩子 与林光朝、方翥友善 既而教授藤州 以致知谨独教学者
48090	陆经	友	1384	欧阳修		坐谪流落 善真行书 欧阳修怜其贫 每与人作碑志 必先约令经书之	坐谪流落 善真行书 欧阳修怜其贫 每与人作碑志 必先约令经书之
48212	崔唐臣	友	8116	苏颂		晋江人 与苏颂、吕濬交善 二人登第 唐臣遂罢举	晋江人 与苏颂、吕濬交善 二人登第 唐臣遂罢举
48396	游彬	友	11146	叶棠		工词赋 有声于时 叶棠、王迈皆与为友 端平二年特奏名 官真阳主簿	工词赋 有声于时 叶棠、王迈皆与为友 端平二年特奏名 官真阳主簿
48396	游彬	友	11391	王迈		工词赋 有声于时 叶棠、王迈皆与为友 端平二年特奏名 官真阳主簿	工词赋 有声于时 叶棠、王迈皆与为友 端平二年特奏名 官真阳主簿
48404	游中孚	友	15296	郑侠		质直而好义 与人言无不践 而友于郑侠	质直而好义 与人言无不践 而友于郑侠
48572	黄京	友	27773	高登		龙溪人 初在郡学 与高登友善 绍兴二年同擢第 调连州户曹	龙溪人 初在郡学 与高登友善 绍兴二年同擢第 调连州户曹
48703	黄力叙	友	29583	陈世崇		号梅堂 江西人 与陈世崇友善 有赠陈世崇归江西诗	号梅堂 江西人 与陈世崇友善 有赠陈世崇归江西诗
48752	黄仲本	友	3257	朱熹		邵武人 官至州守 与朱熹为友 以复名斋 请朱熹为之记	邵武人 官至州守 与朱熹为友 以复名斋 请朱熹为之记
48797	黄斌老	友	7111	黄庭坚		登科 任戎州倅 黄庭坚贬戎州 与定交 善画竹	登科 任戎州倅 黄庭坚贬戎州 与定交 善画竹
48849	黄鹏飞	友	29583	陈世崇		莆田人 宋末时 与陈世崇友善	莆田人 宋末时 与陈世崇友善
48975	彭逢达	友	35269	王炎午		字元观 王炎午之友 授徒其里 尝怅惘如有所失	字元观 王炎午之友 授徒其里 尝怅惘如有所失
48990	单炜	友	29608	姜夔		字炳文 好古博雅 与姜夔为友 善画 喜写竹	字炳文 好古博雅 与姜夔为友 善画 喜写竹
49047	傅修	友	11134	黄榦	0		笃字傅公墓志铭 / 勉斋集
49048	傅寅	友	18029	孙礿		29.312-13黄溍著<杏溪祠堂记>	29.312-13黄溍著<杏溪祠堂记>
49048	傅寅	友	20697	马之纯		黄溍著<杏溪祠堂记>	黄溍著<杏溪祠堂记>
49086	傅梦泉	友	11087	林希逸		与林希逸为友 有静观小稿	与林希逸为友 有静观小稿
49172	程伯荣	友	3257	朱熹		字良弼 古田人 与同邑苏龟龄、沉有开、傅子渊皆友于朱熹	字良弼 古田人 与同邑苏龟龄、沉有开、傅子渊皆友于朱熹
49234	涂勉仲	友	10830	李石		刚介有守 教授乡里 与李石交最善 石为成都学官 勉仲岁遣两子往从之	刚介有守 教授乡里 与李石交最善 石为成都学官 勉仲岁遣两子往从之
49342	杨朴	友	46755	张荷		寿光人 师事种放 与吴质、魏野、杨朴、宋澥为友 性高洁 为文奇涩	寿光人 师事种放 与吴质、魏野、杨朴、宋澥为友 性高洁 为文奇涩
49393	杨崈	友	7111	黄庭坚		字景山 四川青神人 元符三年酌黄庭坚于中岩之东堂山 大观中为仙居令	字景山 四川青神人 元符三年酌黄庭坚于中岩之东堂山 大观中为仙居令
49741	董隐子	友	20421	刘格		言皆玩人 然狂而不悖 与高安刘格为友	言皆玩人 然狂而不悖 与高安刘格为友
49997	廖邃明	友	7128	陈瓘		少不羁 尚气諠 陈瓘南迁过全 无敢近者 邃明独问劳如故	少不羁 尚气諠 陈瓘南迁过全 无敢近者 邃明独问劳如故
50020	翟逢亨	友	3767	苏轼		事母至孝 居白鹤峰东 苏轼谪惠时 尝与往还	事母至孝 居白鹤峰东 苏轼谪惠时 尝与往还
50104	赵悰	友	3257	朱熹		字彦忠 晋江人 与朱熹善 为福建运管 宽盐法之病民者	字彦忠 晋江人 与朱熹善 为福建运管 宽盐法之病民者
50207	赵赞	友	8087	刘昌言		太宗以为忠 累迁右谏议大夫、同知枢密院事 因与凶人赵赞素善 赞诛 心不自安	太宗以为忠 累迁右谏议大夫、同知枢密院事 因与凶人赵赞素善 赞诛 心不自安
50825	赵若恢	友	20059	方凤		称疾得免 年八十馀卒 与方凤、谢翱等 称为宋之遗民	称疾得免 年八十馀卒 与方凤、谢翱等 称为宋之遗民
51043	赵樗年	友	10830	李石		其说破凡例传注 以尊圣人之经 与李石为文字友 家藏千卷书 自丹铅钩提	其说破凡例传注 以尊圣人之经 与李石为文字友 家藏千卷书 自丹铅钩提
51148	潘谷	友	7111	黄庭坚		或不持钱求墨 不计多少与之 黄庭坚尝以锦囊贮其墨半丸 后饮酒三日 发狂浪走赴井死	或不持钱求墨 不计多少与之 黄庭坚尝以锦囊贮其墨半丸 后饮酒三日 发狂浪走赴井死
51164	潘祺	友	14765	陈东		后果愈 游太学 与陈东为友 东欲陈时政 祺曰：奈亲老不能与子俱	后果愈 游太学 与陈东为友 东欲陈时政 祺曰：奈亲老不能与子俱
51193	潘思孟	友	10547	陈贻范		字几道 临海人 治平间与陈贻范为友 以道义自高 乡人多师之	字几道 临海人 治平间与陈贻范为友 以道义自高 乡人多师之
51316	郑大惠	友	40774	杜范		黄岩人 能诗文 与杜范相友善 所著有饭牛集	黄岩人 能诗文 与杜范相友善 所著有饭牛集
51400	郑梦协	友	4001	魏了翁		玉山人 师事赵蕃 与魏了翁、真德秀厚 讲道最笃 刘宰尤称其文章	玉山人 师事赵蕃 与魏了翁、真德秀厚 讲道最笃 刘宰尤称其文章
51400	郑梦协	友	10258	真德秀		玉山人 师事赵蕃 与魏了翁、真德秀厚 讲道最笃 刘宰尤称其文章	玉山人 师事赵蕃 与魏了翁、真德秀厚 讲道最笃 刘宰尤称其文章
51418	樊世显	友	1156	林之奇		怀安桐谿人 师事吕本中 友林之奇 尝构堂象孔老瞿昙氏而祝之	怀安桐谿人 师事吕本中 友林之奇 尝构堂象孔老瞿昙氏而祝之
51443	邓林	友	3257	朱熹		淳熙五年登第 奉泰和主簿 尝与辛弃疾、周必大、陈傅良、戴溪、朱熹、吕祖谦等为友 凡三上书于朝 讥切朝政	淳熙五年登第 奉泰和主簿 尝与辛弃疾、周必大、陈傅良、戴溪、朱熹、吕祖谦等为友 凡三上书于朝 讥切朝政
51443	邓林	友	7055	吕祖谦		淳熙五年登第 奉泰和主簿 尝与辛弃疾、周必大、陈傅良、戴溪、朱熹、吕祖谦等为友 凡三上书于朝 讥切朝政	淳熙五年登第 奉泰和主簿 尝与辛弃疾、周必大、陈傅良、戴溪、朱熹、吕祖谦等为友 凡三上书于朝 讥切朝政
51443	邓林	友	7197	周必大		淳熙五年登第 奉泰和主簿 尝与辛弃疾、周必大、陈傅良、戴溪、朱熹、吕祖谦等为友 凡三上书于朝 讥切朝政	淳熙五年登第 奉泰和主簿 尝与辛弃疾、周必大、陈傅良、戴溪、朱熹、吕祖谦等为友 凡三上书于朝 讥切朝政
51443	邓林	友	10585	陈傅良		淳熙五年登第 奉泰和主簿 尝与辛弃疾、周必大、陈傅良、戴溪、朱熹、吕祖谦等为友 凡三上书于朝 讥切朝政	淳熙五年登第 奉泰和主簿 尝与辛弃疾、周必大、陈傅良、戴溪、朱熹、吕祖谦等为友 凡三上书于朝 讥切朝政
51443	邓林	友	18684	戴溪		淳熙五年登第 奉泰和主簿 尝与辛弃疾、周必大、陈傅良、戴溪、朱熹、吕祖谦等为友 凡三上书于朝 讥切朝政	淳熙五年登第 奉泰和主簿 尝与辛弃疾、周必大、陈傅良、戴溪、朱熹、吕祖谦等为友 凡三上书于朝 讥切朝政
51443	邓林	友	30359	辛弃疾		淳熙五年登第 奉泰和主簿 尝与辛弃疾、周必大、陈傅良、戴溪、朱熹、吕祖谦等为友 凡三上书于朝 讥切朝政	淳熙五年登第 奉泰和主簿 尝与辛弃疾、周必大、陈傅良、戴溪、朱熹、吕祖谦等为友 凡三上书于朝 讥切朝政
51746	刘砥	友	7055	吕祖谦			[n/a]
51779	刘琥	友	10566	杨万里		家于湖州新市 尝监零陵户部赡军酒库 与杨万里相善 及调临安府壕寨官 居閒	家于湖州新市 尝监零陵户部赡军酒库 与杨万里相善 及调临安府壕寨官 居閒
51804	刘遁	友	1641	丁谓		琼州人 与丁谓相善 一日作诗赠谓曰：他时驾鹤游沧海 同看蓬莱岛上春	琼州人 与丁谓相善 一日作诗赠谓曰：他时驾鹤游沧海 同看蓬莱岛上春
51940	刘世南	友	7055	吕祖谦		嘉誉子 少从三山林之奇游 与吕祖谦为友 秉礼蹈义 乡党敬之	嘉誉子 少从三山林之奇游 与吕祖谦为友 秉礼蹈义 乡党敬之
52052	刘景明	友	10566	杨万里		名未详 字景明 杨万里与之定交 其游长沙 万里为序以送之	名未详 字景明 杨万里与之定交 其游长沙 万里为序以送之
52274	穆深之	友	13803	程敦厚		好议论性理 提刑冯时行 侍读程敦厚 皆其素交 李石使彭	好议论性理 提刑冯时行 侍读程敦厚 皆其素交 李石使彭
52274	穆深之	友	13893	冯时行		博学喜读书 好议论性理 提刑冯时行 侍读程敦厚 皆其素交	博学喜读书 好议论性理 提刑冯时行 侍读程敦厚 皆其素交
52353	应恕	友	3257	朱熹		括苍人 淳熙初寓黄岩 朱熹以隐居老友称之 门人赵师渊等号艮斋先生	括苍人 淳熙初寓黄岩 朱熹以隐居老友称之 门人赵师渊等号艮斋先生
52410	谢升贤	友	43538	陈沂		号恕斋 仙游人 与陈沂为友 端平二年进士 为沧光尉	号恕斋 仙游人 与陈沂为友 端平二年进士 为沧光尉
52454	鞠岩	友	41436	吴潜		师事包扬 为陆九渊之学 与吴潜相友善 及潜当国 始得举	师事包扬 为陆九渊之学 与吴潜相友善 及潜当国 始得举
52491	韩彰	友	18449	项安世		尝守夷陵 秩满过荆 谓项安世曰：彰幸甚得事颐正郭先生于夷陵 闻教多矣 安世质之	尝守夷陵 秩满过荆 谓项安世曰：彰幸甚得事颐正郭先生于夷陵 闻教多矣 安世质之
52543	韩秋岩	友	18938	黄震		秋岩与敬庵缟素负木主 道经抚州 时黄震为守 往迎之 亦制服设位于郡厅	秋岩与敬庵缟素负木主 道经抚州 时黄震为守 往迎之 亦制服设位于郡厅
52602	薛魁祥	友	19123	文天祥		遂弃官居汀著书 尝辟连江宰不就 每与文天祥言及宋祚 辄欷歔流涕 其忠愤见于诗辞	遂弃官居汀著书 尝辟连江宰不就 每与文天祥言及宋祚 辄欷歔流涕 其忠愤见于诗辞
52719	魏景	友	3043	秦观		而乃讳之 善属文 与秦观善	而乃讳之 善属文 与秦观善
52768	谭凯	友	25174	崔与之		不为纷华所动 年二十馀即不赴科举 崔与之与交 称其贤 广帅杨长孺以与之荐	不为纷华所动 年二十馀即不赴科举 崔与之与交 称其贤 广帅杨长孺以与之荐
52844	罗惟一	友	10566	杨万里		字允中 庐陵人 与杨万里友 著有尚书集说 万里为之序	字允中 庐陵人 与杨万里友 著有尚书集说 万里为之序
52951	释戒	友	3767	苏轼		住扬州石塔院 苏轼与之善 及轼镇维扬 欲解院职	住扬州石塔院 苏轼与之善 及轼镇维扬 欲解院职
53209	释仲殊	友	3767	苏轼		预乡荐 后削髮为僧 苏轼与之往还甚善 工于诗词 有宝月集	预乡荐 后削髮为僧 苏轼与之往还甚善 工于诗词 有宝月集
53233	释如湛	友	33233	释居简		爱堂其号 与释居简相善 尝住黄蘖十二祖大道场 嘉定间住行在之大雄寺	爱堂其号 与释居简相善 尝住黄蘖十二祖大道场 嘉定间住行在之大雄寺
53320	释法泉	友	3767	苏轼		太平兴国寺 赐号佛慧 与苏轼友善 晚奉诏住大相国智海禅寺	太平兴国寺 赐号佛慧 与苏轼友善 晚奉诏住大相国智海禅寺
53326	释法清	友	13481	曾开		尝居池之天宁寺 以伽梨蒙首而坐 侍郎曾开见而与语 及游径山 佛日请为首座	尝居池之天宁寺 以伽梨蒙首而坐 侍郎曾开见而与语 及游径山 佛日请为首座
53374	释定诸	友	12775	曾会		居晋江 能诗 曾会与为方外友 有去华集	居晋江 能诗 曾会与为方外友 有去华集
53537	释惟政	友	465	蒋堂		师惟素禅师 住杭州功臣山淨土院 蒋堂守钱塘 与为方外友 称致甚高	师惟素禅师 住杭州功臣山淨土院 蒋堂守钱塘 与为方外友 称致甚高
53551	释惟俨	友	22278	石延年		学佛兼通儒 喜辞章 友石延年 为文数百篇	学佛兼通儒 喜辞章 友石延年 为文数百篇
53689	释智圆	友	29845	林逋		徐氏子 居孤山玛瑙院 与林逋为邻友 乾兴元年二月卒 年四十七	徐氏子 居孤山玛瑙院 与林逋为邻友 乾兴元年二月卒 年四十七
53771	释瑞新	友	1762	王安石		值火寺燬 乃劝州之人士为建水陆堂 新与王安石相交 后移主金山之龙游 皇祐五年卒	值火寺燬 乃劝州之人士为建水陆堂 新与王安石相交 后移主金山之龙游 皇祐五年卒
122302	苏盼奴	友	25984	赵不敏			[n/a]
